Material,Filament,Color,Product URL,Product Image URL,Color Hex
PLA,eSUN PLA-Basic 1.75mm 3D Filament 1KG,Black,https://esun3dstore.com/products/epla,https://ueeshop.ly200-cdn.com/u_file/UPBB/UPBB609/2412/24/products/ef1458710c.jpg,#393D47
PLA,eSUN PLA-Basic 1.75mm 3D Filament 1KG,Cold White,https://esun3dstore.com/products/epla,https://ueeshop.ly200-cdn.com/u_file/UPBB/UPBB609/2412/24/products/ef1458710c.jpg,#F8F8FF
PLA,eSUN PLA-Basic 1.75mm 3D Filament 1KG,White,https://esun3dstore.com/products/epla,https://ueeshop.ly200-cdn.com/u_file/UPBB/UPBB609/2412/24/products/ef1458710c.jpg,#FFFFFF
PLA,eSUN PLA-Basic 1.75mm 3D Filament 1KG,Bone White,https://esun3dstore.com/products/epla,https://ueeshop.ly200-cdn.com/u_file/UPBB/UPBB609/2412/24/products/ef1458710c.jpg,#EFE1C8
PLA,eSUN PLA-Basic 1.75mm 3D Filament 1KG,Beige,https://esun3dstore.com/products/epla,https://ueeshop.ly200-cdn.com/u_file/UPBB/UPBB609/2412/24/products/ef1458710c.jpg,#FFE2CB
PLA,eSUN PLA-Basic 1.75mm 3D Filament 1KG,Grey,https://esun3dstore.com/products/epla,https://ueeshop.ly200-cdn.com/u_file/UPBB/UPBB609/2412/24/products/ef1458710c.jpg,#6F828E
PLA,eSUN PLA-Basic 1.75mm 3D Filament 1KG,Light Grey,https://esun3dstore.com/products/epla,https://ueeshop.ly200-cdn.com/u_file/UPBB/UPBB609/2412/24/products/ef1458710c.jpg,#688197
PLA,eSUN PLA-Basic 1.75mm 3D Filament 1KG,Silver,https://esun3dstore.com/products/epla,https://ueeshop.ly200-cdn.com/u_file/UPBB/UPBB609/2412/24/products/ef1458710c.jpg,#7E7E82
PLA,eSUN PLA-Basic 1.75mm 3D Filament 1KG,Blue,https://esun3dstore.com/products/epla,https://ueeshop.ly200-cdn.com/u_file/UPBB/UPBB609/2412/24/products/ef1458710c.jpg,#1D57A5
PLA,eSUN PLA-Basic 1.75mm 3D Filament 1KG,Light Blue,https://esun3dstore.com/products/epla,https://ueeshop.ly200-cdn.com/u_file/UPBB/UPBB609/2412/24/products/ef1458710c.jpg,#489FDF
PLA,eSUN PLA-Basic 1.75mm 3D Filament 1KG,Sky Blue,https://esun3dstore.com/products/epla,https://ueeshop.ly200-cdn.com/u_file/UPBB/UPBB609/2412/24/products/ef1458710c.jpg,#63D0F9
PLA,eSUN PLA-Basic 1.75mm 3D Filament 1KG,Dark Blue,https://esun3dstore.com/products/epla,https://ueeshop.ly200-cdn.com/u_file/UPBB/UPBB609/2412/24/products/ef1458710c.jpg,#3A4056
PLA,eSUN PLA-Basic 1.75mm 3D Filament 1KG,Fire Engine Red,https://esun3dstore.com/products/epla,https://ueeshop.ly200-cdn.com/u_file/UPBB/UPBB609/2412/24/products/ef1458710c.jpg,#912F46
PLA,eSUN PLA-Basic 1.75mm 3D Filament 1KG,Red,https://esun3dstore.com/products/epla,https://ueeshop.ly200-cdn.com/u_file/UPBB/UPBB609/2412/24/products/ef1458710c.jpg,#DB4437
PLA,eSUN PLA-Basic 1.75mm 3D Filament 1KG,Pink,https://esun3dstore.com/products/epla,https://ueeshop.ly200-cdn.com/u_file/UPBB/UPBB609/2412/24/products/ef1458710c.jpg,#F65C87
PLA,eSUN PLA-Basic 1.75mm 3D Filament 1KG,Barbie Pink,https://esun3dstore.com/products/epla,https://ueeshop.ly200-cdn.com/u_file/UPBB/UPBB609/2412/24/products/ef1458710c.jpg,#FD838E
PLA,eSUN PLA-Basic 1.75mm 3D Filament 1KG,Purple,https://esun3dstore.com/products/epla,https://ueeshop.ly200-cdn.com/u_file/UPBB/UPBB609/2412/24/products/ef1458710c.jpg,#9E007E
PLA,eSUN PLA-Basic 1.75mm 3D Filament 1KG,Grape Purple,https://esun3dstore.com/products/epla,https://ueeshop.ly200-cdn.com/u_file/UPBB/UPBB609/2412/24/products/ef1458710c.jpg,#9949BE
PLA,eSUN PLA-Basic 1.75mm 3D Filament 1KG,Green,https://esun3dstore.com/products/epla,https://ueeshop.ly200-cdn.com/u_file/UPBB/UPBB609/2412/24/products/ef1458710c.jpg,#2CC84D
PLA,eSUN PLA-Basic 1.75mm 3D Filament 1KG,Peak Green,https://esun3dstore.com/products/epla,https://ueeshop.ly200-cdn.com/u_file/UPBB/UPBB609/2412/24/products/ef1458710c.jpg,#B6DE89
PLA,eSUN PLA-Basic 1.75mm 3D Filament 1KG,Holly Green,https://esun3dstore.com/products/epla,https://ueeshop.ly200-cdn.com/u_file/UPBB/UPBB609/2412/24/products/ef1458710c.jpg,#33726D
PLA,eSUN PLA-Basic 1.75mm 3D Filament 1KG,Olive Green,https://esun3dstore.com/products/epla,https://ueeshop.ly200-cdn.com/u_file/UPBB/UPBB609/2412/24/products/ef1458710c.jpg,#727661
PLA,eSUN PLA-Basic 1.75mm 3D Filament 1KG,Brown,https://esun3dstore.com/products/epla,https://ueeshop.ly200-cdn.com/u_file/UPBB/UPBB609/2412/24/products/ef1458710c.jpg,#634432
PLA,eSUN PLA-Basic 1.75mm 3D Filament 1KG,Yellow,https://esun3dstore.com/products/epla,https://ueeshop.ly200-cdn.com/u_file/UPBB/UPBB609/2412/24/products/ef1458710c.jpg,#FFEB17
PLA,eSUN PLA-Basic 1.75mm 3D Filament 1KG,Orange,https://esun3dstore.com/products/epla,https://ueeshop.ly200-cdn.com/u_file/UPBB/UPBB609/2412/24/products/ef1458710c.jpg,#FF6A14
PLA,eSUN PLA-Matte 1.75mm 3D Filament 1KG,Deep Black,https://esun3dstore.com/products/epla-matte,https://ueeshop.ly200-cdn.com/u_file/UPBB/UPBB609/2409/13/products/f26aab4ecc.jpg,#000000
PLA,eSUN PLA-Matte 1.75mm 3D Filament 1KG,Milky White,https://esun3dstore.com/products/epla-matte,https://ueeshop.ly200-cdn.com/u_file/UPBB/UPBB609/2409/13/products/31948269f0.jpg,#FFFFFF
PLA,eSUN PLA-Matte 1.75mm 3D Filament 1KG,Light Khaki,https://esun3dstore.com/products/epla-matte,https://ueeshop.ly200-cdn.com/u_file/UPBB/UPBB609/2409/13/products/99663d9cac.jpg,#F0E68C
PLA,eSUN PLA-Matte 1.75mm 3D Filament 1KG,Dark Grey,https://esun3dstore.com/products/epla-matte,https://ueeshop.ly200-cdn.com/u_file/UPBB/UPBB609/2409/13/products/0d62eb6e1c.jpg,#808080
PLA,eSUN PLA-Matte 1.75mm 3D Filament 1KG,Lake Blue,https://esun3dstore.com/products/epla-matte,https://ueeshop.ly200-cdn.com/u_file/UPBB/UPBB609/2409/13/products/3fc4a415c7.jpg,#0000FF
PLA,eSUN PLA-Matte 1.75mm 3D Filament 1KG,Almond Yellow,https://esun3dstore.com/products/epla-matte,https://ueeshop.ly200-cdn.com/u_file/UPBB/UPBB609/2409/13/products/3835dbee05.jpg,#FFFF00
PLA,eSUN PLA-Matte 1.75mm 3D Filament 1KG,Mint Green,https://esun3dstore.com/products/epla-matte,https://ueeshop.ly200-cdn.com/u_file/UPBB/UPBB609/2409/13/products/1c47b912ea.jpg,#00FF00
PLA,eSUN PLA-Matte 1.75mm 3D Filament 1KG,Peach Pink,https://esun3dstore.com/products/epla-matte,https://ueeshop.ly200-cdn.com/u_file/UPBB/UPBB609/2409/13/products/d0f54f2a58.jpg,#FFC0CB
PLA,eSUN PLA-Matte 1.75mm 3D Filament 1KG,Rainbow,https://esun3dstore.com/products/epla-matte,https://ueeshop.ly200-cdn.com/u_file/UPBB/UPBB609/2409/13/products/ef028660be.jpg,#FF0000
PLA,eSUN PLA-Matte 1.75mm 3D Filament 1KG,Lilac,https://esun3dstore.com/products/epla-matte,https://ueeshop.ly200-cdn.com/u_file/UPBB/UPBB609/2409/13/products/32b4da1364.jpg,#C8A2C8
PLA,eSUN PLA-Matte 1.75mm 3D Filament 1KG,Tangerine,https://esun3dstore.com/products/epla-matte,https://ueeshop.ly200-cdn.com/u_file/UPBB/UPBB609/2409/13/products/762e8ec49b.jpg,#D2B48C
PLA,eSUN PLA-Matte 1.75mm 3D Filament 1KG,Strawberry Red,https://esun3dstore.com/products/epla-matte,https://ueeshop.ly200-cdn.com/u_file/UPBB/UPBB609/2409/13/products/a38fbafe36.jpg,#FF0000
PLA,eSUN PLA-Matte 1.75mm 3D Filament 1KG,Matcha Green,https://esun3dstore.com/products/epla-matte,https://ueeshop.ly200-cdn.com/u_file/UPBB/UPBB609/2409/13/products/a58d5e82bc.jpg,#00FF00
PLA,eSUN PLA-Matte 1.75mm 3D Filament 1KG,Morandi Green,https://esun3dstore.com/products/epla-matte,https://ueeshop.ly200-cdn.com/u_file/UPBB/UPBB609/2409/13/products/a62b54d7e5.jpg,#00FF00
PLA,eSUN PLA-Matte 1.75mm 3D Filament 1KG,Morandi Purple,https://esun3dstore.com/products/epla-matte,https://ueeshop.ly200-cdn.com/u_file/UPBB/UPBB609/2409/13/products/b69ddf918f.jpg,#800080
PLA,eSUN PLA-Matte 1.75mm 3D Filament 1KG,Red Blue,https://esun3dstore.com/products/epla-matte,https://ueeshop.ly200-cdn.com/u_file/UPBB/UPBB609/2409/20/products/4fd5fd5af7.jpg,#FF0000
PLA,eSUN PLA-Matte 1.75mm 3D Filament 1KG,Green Purple,https://esun3dstore.com/products/epla-matte,https://ueeshop.ly200-cdn.com/u_file/UPBB/UPBB609/2409/20/products/d993d8668e.jpg,#00FF00
PLA,eSUN PLA-Matte 1.75mm 3D Filament 1KG,Green Pink,https://esun3dstore.com/products/epla-matte,https://ueeshop.ly200-cdn.com/u_file/UPBB/UPBB609/2409/20/products/a56dbab861.jpg,#00FF00
PLA,eSUN PLA-Matte 1.75mm 3D Filament 1KG,Purple Yellow,https://esun3dstore.com/products/epla-matte,https://ueeshop.ly200-cdn.com/u_file/UPBB/UPBB609/2409/20/products/4a324ec09f.jpg,#FFFF00
PLA,eSUN PLA-Matte 1.75mm 3D Filament 1KG,Purple Blue,https://esun3dstore.com/products/epla-matte,https://ueeshop.ly200-cdn.com/u_file/UPBB/UPBB609/2409/20/products/e024163a18.jpg,#0000FF
PLA,eSUN PLA-Matte 1.75mm 3D Filament 1KG,Green Blue,https://esun3dstore.com/products/epla-matte,https://ueeshop.ly200-cdn.com/u_file/UPBB/UPBB609/2409/20/products/12a1090a40.jpg,#0000FF
PLA,eSUN PLA-Matte 1.75mm 3D Filament 1KG,Red Black,https://esun3dstore.com/products/epla-matte,https://ueeshop.ly200-cdn.com/u_file/UPBB/UPBB609/2409/20/products/2aa2b2d50c.jpg,#000000
PLA,eSUN PLA-Matte 1.75mm 3D Filament 1KG,Black White,https://esun3dstore.com/products/epla-matte,https://ueeshop.ly200-cdn.com/u_file/UPBB/UPBB609/2409/20/products/0511c93993.jpg,#000000
PLA,eSUN PLA-Matte 1.75mm 3D Filament 1KG,Macaron,https://esun3dstore.com/products/epla-matte,https://ueeshop.ly200-cdn.com/u_file/UPBB/UPBB609/2508/28/products/be28c9e619.jpg,#F2D7D5
PLA,eSUN PLA-Matte 1.75mm 3D Filament 1KG,Ocean,https://esun3dstore.com/products/epla-matte,https://ueeshop.ly200-cdn.com/u_file/UPBB/UPBB609/2508/28/products/e5f8bd11af.jpg,#006994
PLA,eSUN PLA-Matte 1.75mm 3D Filament 1KG,Paddy Field,https://esun3dstore.com/products/epla-matte,https://ueeshop.ly200-cdn.com/u_file/UPBB/UPBB609/2508/28/products/9a7e770f2f.jpg,#7CB518
PLA,eSUN PLA-Matte 1.75mm 3D Filament 1KG,Sunrise,https://esun3dstore.com/products/epla-matte,https://ueeshop.ly200-cdn.com/u_file/UPBB/UPBB609/2508/28/products/65d41ab225.jpg,#FFCF48
PLA,eSUN PLA-Silk 1.75mm 3D Filament 1KG,Silk White,https://esun3dstore.com/products/epla-silk,https://ueeshop.ly200-cdn.com/u_file/UPBB/UPBB609/2409/20/products/17f7db17d3.jpg,#FFFFFF
PLA,eSUN PLA-Silk 1.75mm 3D Filament 1KG,Silk Dark Yellow,https://esun3dstore.com/products/epla-silk,https://ueeshop.ly200-cdn.com/u_file/UPBB/UPBB609/2409/20/products/51784c2b04.jpg,#FFFF00
PLA,eSUN PLA-Silk 1.75mm 3D Filament 1KG,Silk Red,https://esun3dstore.com/products/epla-silk,https://ueeshop.ly200-cdn.com/u_file/UPBB/UPBB609/2409/20/products/aadaafe7bd.jpg,#FF0000
PLA,eSUN PLA-Silk 1.75mm 3D Filament 1KG,Silk Green,https://esun3dstore.com/products/epla-silk,https://ueeshop.ly200-cdn.com/u_file/UPBB/UPBB609/2409/20/products/1e8c3534c1.jpg,#00FF00
PLA,eSUN PLA-Silk 1.75mm 3D Filament 1KG,Silk Blue,https://esun3dstore.com/products/epla-silk,https://ueeshop.ly200-cdn.com/u_file/UPBB/UPBB609/2409/20/products/0744da6302.jpg,#0000FF
PLA,eSUN PLA-Silk 1.75mm 3D Filament 1KG,Silk Yellow,https://esun3dstore.com/products/epla-silk,https://ueeshop.ly200-cdn.com/u_file/UPBB/UPBB609/2409/20/products/410e924b2b.jpg,#FFFF00
PLA,eSUN PLA-Silk 1.75mm 3D Filament 1KG,Silk Violet,https://esun3dstore.com/products/epla-silk,https://ueeshop.ly200-cdn.com/u_file/UPBB/UPBB609/2409/20/products/589ddb8174.jpg,#EE82EE
PLA,eSUN PLA-Silk 1.75mm 3D Filament 1KG,Silk Lime,https://esun3dstore.com/products/epla-silk,https://ueeshop.ly200-cdn.com/u_file/UPBB/UPBB609/2409/20/products/ccff536b08.jpg,#00FF00
PLA,eSUN PLA-Silk 1.75mm 3D Filament 1KG,Silk Purple,https://esun3dstore.com/products/epla-silk,https://ueeshop.ly200-cdn.com/u_file/UPBB/UPBB609/2409/20/products/92b68e281c.jpg,#800080
PLA,eSUN PLA-Silk 1.75mm 3D Filament 1KG,Silk Cyan,https://esun3dstore.com/products/epla-silk,https://ueeshop.ly200-cdn.com/u_file/UPBB/UPBB609/2409/20/products/fec2a2ec57.jpg,#00FFFF
TPU,eSUN TPU-95A 1.75mm 3D Filament 1KG,Black,https://esun3dstore.com/products/tpu-95a,https://ueeshop.ly200-cdn.com/u_file/UPBB/UPBB609/2511/25/products/d8f3bcdb95.jpg,#000000
TPU,eSUN TPU-95A 1.75mm 3D Filament 1KG,Grey,https://esun3dstore.com/products/tpu-95a,https://ueeshop.ly200-cdn.com/u_file/UPBB/UPBB609/2511/25/products/ca1d2adae4.jpg,#808080
TPU,eSUN TPU-95A 1.75mm 3D Filament 1KG,White,https://esun3dstore.com/products/tpu-95a,https://ueeshop.ly200-cdn.com/u_file/UPBB/UPBB609/2511/25/products/aa07e35bcc.jpg,#FFFFFF
TPU,eSUN TPU-95A 1.75mm 3D Filament 1KG,Natural,https://esun3dstore.com/products/tpu-95a,https://ueeshop.ly200-cdn.com/u_file/UPBB/UPBB609/2511/25/products/4a08d0b9e4.jpg,#F5F5DC
TPU,eSUN TPU-95A 1.75mm 3D Filament 1KG,Rainbow,https://esun3dstore.com/products/tpu-95a,https://ueeshop.ly200-cdn.com/u_file/UPBB/UPBB609/2511/25/products/43be18b3eb.jpg,#FF0000
TPU,eSUN TPU-95A 1.75mm 3D Filament 1KG,Transparent Yellow,https://esun3dstore.com/products/tpu-95a,https://ueeshop.ly200-cdn.com/u_file/UPBB/UPBB609/2511/25/products/8b2e73cc21.jpg,#FFFF00
TPU,eSUN TPU-95A 1.75mm 3D Filament 1KG,Transparent Orange,https://esun3dstore.com/products/tpu-95a,https://ueeshop.ly200-cdn.com/u_file/UPBB/UPBB609/2511/25/products/d76dd4c09e.jpg,#FFA500
TPU,eSUN TPU-95A 1.75mm 3D Filament 1KG,Transparent Red,https://esun3dstore.com/products/tpu-95a,https://ueeshop.ly200-cdn.com/u_file/UPBB/UPBB609/2511/25/products/c7912b31c5.jpg,#FF0000
TPU,eSUN TPU-95A 1.75mm 3D Filament 1KG,Transparent Blue,https://esun3dstore.com/products/tpu-95a,https://ueeshop.ly200-cdn.com/u_file/UPBB/UPBB609/2511/25/products/a5e1eabf0b.jpg,#0000FF
TPU,eSUN TPU-95A 1.75mm 3D Filament 1KG,Transparent Green,https://esun3dstore.com/products/tpu-95a,https://ueeshop.ly200-cdn.com/u_file/UPBB/UPBB609/2511/25/products/6693b123b8.jpg,#00FF00
TPU,eSUN TPU-95A 1.75mm 3D Filament 1KG,Transparent Purple,https://esun3dstore.com/products/tpu-95a,https://ueeshop.ly200-cdn.com/u_file/UPBB/UPBB609/2511/25/products/9506462860.jpg,#800080
TPU,eSUN TPU-95A 1.75mm 3D Filament 1KG,Transparent Pink,https://esun3dstore.com/products/tpu-95a,https://ueeshop.ly200-cdn.com/u_file/UPBB/UPBB609/2511/25/products/46efb7a537.jpg,#FFC0CB
ABS,eSUN ABS+ 1.75mm 3D Filament 1KG,Black,https://esun3dstore.com/products/abs-pro,https://ueeshop.ly200-cdn.com/u_file/UPBB/UPBB609/2504/17/products/5ee3c1275c.jpg,#000000
ABS,eSUN ABS+ 1.75mm 3D Filament 1KG,Cold White,https://esun3dstore.com/products/abs-pro,https://ueeshop.ly200-cdn.com/u_file/UPBB/UPBB609/2504/17/products/73c45f3f0e.jpg,#FFFFFF
ABS,eSUN ABS+ 1.75mm 3D Filament 1KG,Grey,https://esun3dstore.com/products/abs-pro,https://ueeshop.ly200-cdn.com/u_file/UPBB/UPBB609/2504/17/products/9c74e14f26.jpg,#808080
ABS,eSUN ABS+ 1.75mm 3D Filament 1KG,Fire Engine Red,https://esun3dstore.com/products/abs-pro,https://ueeshop.ly200-cdn.com/u_file/UPBB/UPBB609/2504/17/products/dcf3b64033.jpg,#FF0000
ABS,eSUN ABS+ 1.75mm 3D Filament 1KG,Silver,https://esun3dstore.com/products/abs-pro,https://ueeshop.ly200-cdn.com/u_file/UPBB/UPBB609/2504/17/products/5651594e07.jpg,#C0C0C0
ABS,eSUN ABS+ 1.75mm 3D Filament 1KG,Natural,https://esun3dstore.com/products/abs-pro,https://ueeshop.ly200-cdn.com/u_file/UPBB/UPBB609/2504/17/products/07532a846c.jpg,#F5F5DC
ABS,eSUN ABS+ 1.75mm 3D Filament 1KG,Yellow,https://esun3dstore.com/products/abs-pro,https://ueeshop.ly200-cdn.com/u_file/UPBB/UPBB609/2504/17/products/e3117f0dca.jpg,#FFFF00
ABS,eSUN ABS+ 1.75mm 3D Filament 1KG,Blue,https://esun3dstore.com/products/abs-pro,https://ueeshop.ly200-cdn.com/u_file/UPBB/UPBB609/2504/17/products/b4cef1e8a6.jpg,#0000FF
ABS,eSUN ABS+ 1.75mm 3D Filament 1KG,Orange,https://esun3dstore.com/products/abs-pro,https://ueeshop.ly200-cdn.com/u_file/UPBB/UPBB609/2504/17/products/cdae4497bc.jpg,#FFA500
ABS,eSUN ABS+ 1.75mm 3D Filament 1KG,Green,https://esun3dstore.com/products/abs-pro,https://ueeshop.ly200-cdn.com/u_file/UPBB/UPBB609/2504/17/products/6610f96804.jpg,#00FF00
ABS,eSUN ABS+ 1.75mm 3D Filament 1KG,Red,https://esun3dstore.com/products/abs-pro,https://ueeshop.ly200-cdn.com/u_file/UPBB/UPBB609/2504/17/products/408e45d71a.jpg,#FF0000
ASA,eSUN ASA+ 1.75mm 3D Filament 1KG,Black,https://esun3dstore.com/products/easa,https://ueeshop.ly200-cdn.com/u_file/UPBB/UPBB609/2512/30/products/9998b220a4.jpg,#000000
ASA,eSUN ASA+ 1.75mm 3D Filament 1KG,Cold White,https://esun3dstore.com/products/easa,https://ueeshop.ly200-cdn.com/u_file/UPBB/UPBB609/2512/30/products/2e40c77703.jpg,#FFFFFF
ASA,eSUN ASA+ 1.75mm 3D Filament 1KG,Warm White,https://esun3dstore.com/products/easa,https://ueeshop.ly200-cdn.com/u_file/UPBB/UPBB609/2512/30/products/6fcd8fa944.jpg,#FFFFFF
ASA,eSUN ASA+ 1.75mm 3D Filament 1KG,Grey,https://esun3dstore.com/products/easa,https://ueeshop.ly200-cdn.com/u_file/UPBB/UPBB609/2512/30/products/458ae0fcde.jpg,#808080
ASA,eSUN ASA+ 1.75mm 3D Filament 1KG,Green,https://esun3dstore.com/products/easa,https://ueeshop.ly200-cdn.com/u_file/UPBB/UPBB609/2512/30/products/1e6f628071.jpg,#00FF00
ASA,eSUN ASA+ 1.75mm 3D Filament 1KG,Red,https://esun3dstore.com/products/easa,https://ueeshop.ly200-cdn.com/u_file/UPBB/UPBB609/2512/30/products/338dbae366.jpg,#FF0000
ASA,eSUN ASA+ 1.75mm 3D Filament 1KG,Yellow,https://esun3dstore.com/products/easa,https://ueeshop.ly200-cdn.com/u_file/UPBB/UPBB609/2512/30/products/d9af628544.jpg,#FFFF00
ASA,eSUN ASA+ 1.75mm 3D Filament 1KG,Blue,https://esun3dstore.com/products/easa,https://ueeshop.ly200-cdn.com/u_file/UPBB/UPBB609/2512/30/products/d5a4ba4d25.jpg,#0000FF
ASA,eSUN ASA+ 1.75mm 3D Filament 1KG,Silver,https://esun3dstore.com/products/easa,https://ueeshop.ly200-cdn.com/u_file/UPBB/UPBB609/2503/04/products/d53955ae8f.jpg,#C0C0C0
PLA,eSUN PLA-Silk Metal 1.75mm 3D Filament 1KG,Silk Copper,https://esun3dstore.com/products/epla-silk-metal,https://ueeshop.ly200-cdn.com/u_file/UPBB/UPBB609/2409/13/products/97f36b7b5a.jpg,#B87333
PLA,eSUN PLA-Silk Metal 1.75mm 3D Filament 1KG,Silk Gold,https://esun3dstore.com/products/epla-silk-metal,https://ueeshop.ly200-cdn.com/u_file/UPBB/UPBB609/2409/13/products/4c79448116.jpg,#FFD700
PLA,eSUN PLA-Silk Metal 1.75mm 3D Filament 1KG,Silk Silver,https://esun3dstore.com/products/epla-silk-metal,https://ueeshop.ly200-cdn.com/u_file/UPBB/UPBB609/2409/13/products/931a5eaaa1.jpg,#C0C0C0
PLA,eSUN PLA-Luminous 1.75mm 3D Filament 1KG,Luminous Green,https://esun3dstore.com/products/epla-luminous,https://ueeshop.ly200-cdn.com/u_file/UPBB/UPBB609/2501/02/products/de2f5d3490.jpg,#00FF00
PLA,eSUN PLA-Luminous 1.75mm 3D Filament 1KG,Luminous Blue,https://esun3dstore.com/products/epla-luminous,https://ueeshop.ly200-cdn.com/u_file/UPBB/UPBB609/2501/02/products/ff172fbfa6.jpg,#0000FF
PETG,eSUN PETG+HS 1.75mm 3D Filament 1KG,Black,https://esun3dstore.com/products/epetg-hs,https://ueeshop.ly200-cdn.com/u_file/UPBB/UPBB609/2508/04/products/f0cf7fd928.jpg,#000000
PETG,eSUN PETG+HS 1.75mm 3D Filament 1KG,Solid White,https://esun3dstore.com/products/epetg-hs,https://ueeshop.ly200-cdn.com/u_file/UPBB/UPBB609/2508/04/products/c6e0cb19f7.jpg,#FFFFFF
PETG,eSUN PETG+HS 1.75mm 3D Filament 1KG,Solid Grey,https://esun3dstore.com/products/epetg-hs,https://ueeshop.ly200-cdn.com/u_file/UPBB/UPBB609/2508/04/products/02310b8bdf.jpg,#808080
PETG,eSUN PETG+HS 1.75mm 3D Filament 1KG,Solid Silver,https://esun3dstore.com/products/epetg-hs,https://ueeshop.ly200-cdn.com/u_file/UPBB/UPBB609/2508/04/products/29b433e342.jpg,#C0C0C0
PETG,eSUN PETG+HS 1.75mm 3D Filament 1KG,Fire Engine Red,https://esun3dstore.com/products/epetg-hs,https://ueeshop.ly200-cdn.com/u_file/UPBB/UPBB609/2508/04/products/094ce85566.jpg,#FF0000
PETG,eSUN PETG+HS 1.75mm 3D Filament 1KG,Solid Green,https://esun3dstore.com/products/epetg-hs,https://ueeshop.ly200-cdn.com/u_file/UPBB/UPBB609/2508/04/products/3ecfd0c1f4.jpg,#00FF00
PETG,eSUN PETG+HS 1.75mm 3D Filament 1KG,Solid Orange,https://esun3dstore.com/products/epetg-hs,https://ueeshop.ly200-cdn.com/u_file/UPBB/UPBB609/2508/04/products/8f0fd85416.jpg,#FFA500
PETG,eSUN PETG+HS 1.75mm 3D Filament 1KG,Solid Blue,https://esun3dstore.com/products/epetg-hs,https://ueeshop.ly200-cdn.com/u_file/UPBB/UPBB609/2508/04/products/feb499b973.jpg,#0000FF
PETG,eSUN PETG+HS 1.75mm 3D Filament 1KG,Solid Yellow,https://esun3dstore.com/products/epetg-hs,https://ueeshop.ly200-cdn.com/u_file/UPBB/UPBB609/2508/04/products/f4c2cabaee.jpg,#FFFF00
PLA,eSUN PLA+HS 1.75mm 3D Filament 1KG,Black,https://esun3dstore.com/products/epla-pro-hs,https://ueeshop.ly200-cdn.com/u_file/UPBB/UPBB609/2504/18/products/52d7ffe931.jpg,#000000
PLA,eSUN PLA+HS 1.75mm 3D Filament 1KG,Cold White,https://esun3dstore.com/products/epla-pro-hs,https://ueeshop.ly200-cdn.com/u_file/UPBB/UPBB609/2504/18/products/23e5bfca4c.jpg,#FFFFFF
PLA,eSUN PLA+HS 1.75mm 3D Filament 1KG,White,https://esun3dstore.com/products/epla-pro-hs,https://ueeshop.ly200-cdn.com/u_file/UPBB/UPBB609/2504/18/products/eff28c793e.jpg,#FFFFFF
PLA,eSUN PLA+HS 1.75mm 3D Filament 1KG,Grey,https://esun3dstore.com/products/epla-pro-hs,https://ueeshop.ly200-cdn.com/u_file/UPBB/UPBB609/2504/18/products/3bd56e33de.jpg,#808080
PLA,eSUN PLA+HS 1.75mm 3D Filament 1KG,Silver,https://esun3dstore.com/products/epla-pro-hs,https://ueeshop.ly200-cdn.com/u_file/UPBB/UPBB609/2504/18/products/3c3fdf2609.jpg,#C0C0C0
PLA,eSUN PLA+HS 1.75mm 3D Filament 1KG,Orange,https://esun3dstore.com/products/epla-pro-hs,https://ueeshop.ly200-cdn.com/u_file/UPBB/UPBB609/2504/18/products/a93fda9163.jpg,#FFA500
PLA,eSUN PLA+HS 1.75mm 3D Filament 1KG,Fire Engine Red,https://esun3dstore.com/products/epla-pro-hs,https://ueeshop.ly200-cdn.com/u_file/UPBB/UPBB609/2504/18/products/ca85c408dc.jpg,#FF0000
PLA,eSUN PLA+HS 1.75mm 3D Filament 1KG,Red,https://esun3dstore.com/products/epla-pro-hs,https://ueeshop.ly200-cdn.com/u_file/UPBB/UPBB609/2504/18/products/3ab949c69b.jpg,#FF0000
PLA,eSUN PLA+HS 1.75mm 3D Filament 1KG,Blue,https://esun3dstore.com/products/epla-pro-hs,https://ueeshop.ly200-cdn.com/u_file/UPBB/UPBB609/2504/18/products/891503d73f.jpg,#0000FF
PLA,eSUN PLA+HS 1.75mm 3D Filament 1KG,Yellow,https://esun3dstore.com/products/epla-pro-hs,https://ueeshop.ly200-cdn.com/u_file/UPBB/UPBB609/2504/18/products/f9ddf55114.jpg,#FFFF00
PLA,eSUN PLA+HS 1.75mm 3D Filament 1KG,Green,https://esun3dstore.com/products/epla-pro-hs,https://ueeshop.ly200-cdn.com/u_file/UPBB/UPBB609/2504/18/products/9b06ca99b8.jpg,#00FF00
PLA,eSUN PLA+HS 1.75mm 3D Filament 1KG,Pink,https://esun3dstore.com/products/epla-pro-hs,https://ueeshop.ly200-cdn.com/u_file/UPBB/UPBB609/2504/18/products/7823045047.jpg,#FFC0CB
PLA,eSUN PLA+HS 1.75mm 3D Filament 1KG,Peak Green,https://esun3dstore.com/products/epla-pro-hs,https://ueeshop.ly200-cdn.com/u_file/UPBB/UPBB609/2504/18/products/bd9dc31ea7.jpg,#00FF00
PLA,eSUN PLA+HS 1.75mm 3D Filament 1KG,Pine Green,https://esun3dstore.com/products/epla-pro-hs,https://ueeshop.ly200-cdn.com/u_file/UPBB/UPBB609/2504/18/products/109bd3458c.jpg,#00FF00
PLA,eSUN PLA+HS 1.75mm 3D Filament 1KG,Brown,https://esun3dstore.com/products/epla-pro-hs,https://ueeshop.ly200-cdn.com/u_file/UPBB/UPBB609/2504/18/products/a623a7c12e.jpg,#8B4513
PLA,eSUN PLA+HS 1.75mm 3D Filament 1KG,Olive Green,https://esun3dstore.com/products/epla-pro-hs,https://ueeshop.ly200-cdn.com/u_file/UPBB/UPBB609/2504/18/products/2a322616b6.jpg,#00FF00
PLA,eSUN PLA+HS 1.75mm 3D Filament 1KG,Bone White,https://esun3dstore.com/products/epla-pro-hs,https://ueeshop.ly200-cdn.com/u_file/UPBB/UPBB609/2504/18/products/7ff0d818fc.jpg,#FFFFFF
PLA,eSUN PLA+HS 1.75mm 3D Filament 1KG,Light Blue,https://esun3dstore.com/products/epla-pro-hs,https://ueeshop.ly200-cdn.com/u_file/UPBB/UPBB609/2504/18/products/8dfdd52202.jpg,#0000FF
PLA,eSUN PLA+HS 1.75mm 3D Filament 1KG,Purple,https://esun3dstore.com/products/epla-pro-hs,https://ueeshop.ly200-cdn.com/u_file/UPBB/UPBB609/2504/18/products/8434d7db71.jpg,#800080
PLA,eSUN PLA-Magic 1.75mm 3D Filament 1KG,Dark Twinkling Blue,https://esun3dstore.com/products/epla-magic,https://ueeshop.ly200-cdn.com/u_file/UPBB/UPBB609/2409/13/products/d9a3fc2f4a.jpg,#0000FF
PLA,eSUN PLA-Magic 1.75mm 3D Filament 1KG,Dark Twinkling Purple,https://esun3dstore.com/products/epla-magic,https://ueeshop.ly200-cdn.com/u_file/UPBB/UPBB609/2409/13/products/953d27a729.jpg,#800080
PLA,eSUN PLA-Magic 1.75mm 3D Filament 1KG,Dark Twinkling Gold,https://esun3dstore.com/products/epla-magic,https://ueeshop.ly200-cdn.com/u_file/UPBB/UPBB609/2409/13/products/4e88a52b9b.jpg,#FFD700
PLA,eSUN PLA-Magic 1.75mm 3D Filament 1KG,Dark Twinkling Green,https://esun3dstore.com/products/epla-magic,https://ueeshop.ly200-cdn.com/u_file/UPBB/UPBB609/2409/13/products/58838c0b21.jpg,#00FF00
PLA,eSUN PLA+ Refilament 1.75mm 3D Filament 1KG,Black,https://esun3dstore.com/products/pla-refilament,https://ueeshop.ly200-cdn.com/u_file/UPBB/UPBB609/2510/17/products/b28b14e8aa.jpg,#000000
PLA,eSUN PLA+ Refilament 1.75mm 3D Filament 1KG,White,https://esun3dstore.com/products/pla-refilament,https://ueeshop.ly200-cdn.com/u_file/UPBB/UPBB609/2510/17/products/bb5a4b0c71.jpg,#FFFFFF
PLA,eSUN PLA+ Refilament 1.75mm 3D Filament 1KG,Cold White,https://esun3dstore.com/products/pla-refilament,https://ueeshop.ly200-cdn.com/u_file/UPBB/UPBB609/2510/17/products/c1fb147ebe.jpg,#FFFFFF
PLA,eSUN PLA+ Refilament 1.75mm 3D Filament 1KG,Bone White,https://esun3dstore.com/products/pla-refilament,https://ueeshop.ly200-cdn.com/u_file/UPBB/UPBB609/2510/17/products/b985ac4f71.jpg,#FFFFFF
PLA,eSUN PLA+ Refilament 1.75mm 3D Filament 1KG,Beige,https://esun3dstore.com/products/pla-refilament,https://ueeshop.ly200-cdn.com/u_file/UPBB/UPBB609/2510/17/products/c1d7fc5beb.jpg,#F5F5DC
PLA,eSUN PLA+ Refilament 1.75mm 3D Filament 1KG,Grey,https://esun3dstore.com/products/pla-refilament,https://ueeshop.ly200-cdn.com/u_file/UPBB/UPBB609/2510/17/products/857a7c68b8.jpg,#808080
PLA,eSUN PLA+ Refilament 1.75mm 3D Filament 1KG,Silver,https://esun3dstore.com/products/pla-refilament,https://ueeshop.ly200-cdn.com/u_file/UPBB/UPBB609/2510/17/products/90fe918d75.jpg,#C0C0C0
PLA,eSUN PLA+ Refilament 1.75mm 3D Filament 1KG,Brown,https://esun3dstore.com/products/pla-refilament,https://ueeshop.ly200-cdn.com/u_file/UPBB/UPBB609/2510/17/products/099dab9342.jpg,#8B4513
PLA,eSUN PLA+ Refilament 1.75mm 3D Filament 1KG,Light Brown,https://esun3dstore.com/products/pla-refilament,https://ueeshop.ly200-cdn.com/u_file/UPBB/UPBB609/2510/17/products/11ef591e92.jpg,#8B4513
PLA,eSUN PLA+ Refilament 1.75mm 3D Filament 1KG,Green,https://esun3dstore.com/products/pla-refilament,https://ueeshop.ly200-cdn.com/u_file/UPBB/UPBB609/2510/17/products/d357061d7c.jpg,#00FF00
PLA,eSUN PLA+ Refilament 1.75mm 3D Filament 1KG,Olive Green,https://esun3dstore.com/products/pla-refilament,https://ueeshop.ly200-cdn.com/u_file/UPBB/UPBB609/2510/17/products/e986ee4d18.jpg,#00FF00
PLA,eSUN PLA+ Refilament 1.75mm 3D Filament 1KG,Pine Green,https://esun3dstore.com/products/pla-refilament,https://ueeshop.ly200-cdn.com/u_file/UPBB/UPBB609/2510/17/products/882b16ad0c.jpg,#00FF00
PLA,eSUN PLA+ Refilament 1.75mm 3D Filament 1KG,Peak Green,https://esun3dstore.com/products/pla-refilament,https://ueeshop.ly200-cdn.com/u_file/UPBB/UPBB609/2510/17/products/b897347c4a.jpg,#00FF00
PLA,eSUN PLA+ Refilament 1.75mm 3D Filament 1KG,Blue,https://esun3dstore.com/products/pla-refilament,https://ueeshop.ly200-cdn.com/u_file/UPBB/UPBB609/2510/17/products/44d9d7b516.jpg,#0000FF
PLA,eSUN PLA+ Refilament 1.75mm 3D Filament 1KG,Light Blue,https://esun3dstore.com/products/pla-refilament,https://ueeshop.ly200-cdn.com/u_file/UPBB/UPBB609/2510/17/products/38819c4ce8.jpg,#0000FF
PLA,eSUN PLA+ Refilament 1.75mm 3D Filament 1KG,Dark Blue,https://esun3dstore.com/products/pla-refilament,https://ueeshop.ly200-cdn.com/u_file/UPBB/UPBB609/2510/17/products/1a82037760.jpg,#0000FF
PLA,eSUN PLA+ Refilament 1.75mm 3D Filament 1KG,Space Blue,https://esun3dstore.com/products/pla-refilament,https://ueeshop.ly200-cdn.com/u_file/UPBB/UPBB609/2510/17/products/931e2f39f1.jpg,#0000FF
PLA,eSUN PLA+ Refilament 1.75mm 3D Filament 1KG,Red,https://esun3dstore.com/products/pla-refilament,https://ueeshop.ly200-cdn.com/u_file/UPBB/UPBB609/2510/17/products/d1998f57b9.jpg,#FF0000
PLA,eSUN PLA+ Refilament 1.75mm 3D Filament 1KG,Fire Engine Red,https://esun3dstore.com/products/pla-refilament,https://ueeshop.ly200-cdn.com/u_file/UPBB/UPBB609/2510/17/products/94813cf7e4.jpg,#FF0000
PLA,eSUN PLA+ Refilament 1.75mm 3D Filament 1KG,Magenta,https://esun3dstore.com/products/pla-refilament,https://ueeshop.ly200-cdn.com/u_file/UPBB/UPBB609/2510/17/products/fcfc2c6bb6.jpg,#FF00FF
PLA,eSUN PLA+ Refilament 1.75mm 3D Filament 1KG,Pink,https://esun3dstore.com/products/pla-refilament,https://ueeshop.ly200-cdn.com/u_file/UPBB/UPBB609/2510/17/products/9f475dcc16.jpg,#FFC0CB
PLA,eSUN PLA+ Refilament 1.75mm 3D Filament 1KG,Yellow,https://esun3dstore.com/products/pla-refilament,https://ueeshop.ly200-cdn.com/u_file/UPBB/UPBB609/2510/17/products/fb4fbf91dc.jpg,#FFFF00
PLA,eSUN PLA+ Refilament 1.75mm 3D Filament 1KG,Orange,https://esun3dstore.com/products/pla-refilament,https://ueeshop.ly200-cdn.com/u_file/UPBB/UPBB609/2510/17/products/372071c630.jpg,#FFA500
PLA,eSUN PLA+ Refilament 1.75mm 3D Filament 1KG,Gold,https://esun3dstore.com/products/pla-refilament,https://ueeshop.ly200-cdn.com/u_file/UPBB/UPBB609/2510/17/products/41192c7a3f.jpg,#FFD700
PLA,eSUN PLA+ Refilament 1.75mm 3D Filament 1KG,Purple,https://esun3dstore.com/products/pla-refilament,https://ueeshop.ly200-cdn.com/u_file/UPBB/UPBB609/2510/17/products/089ec68d77.jpg,#800080
PLA,eSUN PLA+ Refilament 1.75mm 3D Filament 1KG,Very Peri,https://esun3dstore.com/products/pla-refilament,https://ueeshop.ly200-cdn.com/u_file/UPBB/UPBB609/2510/17/products/25ae315967.jpg,#6667AB
PLA,eSUN PLA+ Refilament 1.75mm 3D Filament 1KG,eSPOOL+,https://esun3dstore.com/products/pla-refilament,https://ueeshop.ly200-cdn.com/u_file/UPBB/UPBB609/2510/17/products/d50afdeac0.jpg,#808080
PLA,eSUN PLA-Silk Magic 1.75mm 3D Filament 1KG,Gold+Red+Green,https://esun3dstore.com/products/epla-silk-magic,https://ueeshop.ly200-cdn.com/u_file/UPBB/UPBB609/2409/20/products/14db1923c3.jpg,#FF0000
PLA,eSUN PLA-Silk Magic 1.75mm 3D Filament 1KG,Bule+Orange+Green,https://esun3dstore.com/products/epla-silk-magic,https://ueeshop.ly200-cdn.com/u_file/UPBB/UPBB609/2409/20/products/2bf2b606e7.jpg,#00FF00
PLA,eSUN PLA-Silk Magic 1.75mm 3D Filament 1KG,Gold+Green+Black,https://esun3dstore.com/products/epla-silk-magic,https://ueeshop.ly200-cdn.com/u_file/UPBB/UPBB609/2409/20/products/50b84a4960.jpg,#000000
PLA,eSUN PLA-Silk Magic 1.75mm 3D Filament 1KG,Brone+Purple+Green,https://esun3dstore.com/products/epla-silk-magic,https://ueeshop.ly200-cdn.com/u_file/UPBB/UPBB609/2409/20/products/da49f8420c.jpg,#00FF00
PLA,eSUN PLA-Silk Magic 1.75mm 3D Filament 1KG,Blue+Red+Purple,https://esun3dstore.com/products/epla-silk-magic,https://ueeshop.ly200-cdn.com/u_file/UPBB/UPBB609/2409/20/products/109b7e111c.jpg,#FF0000
PLA,eSUN PLA-Silk Magic 1.75mm 3D Filament 1KG,Gold+Silver+Copper,https://esun3dstore.com/products/epla-silk-magic,https://ueeshop.ly200-cdn.com/u_file/UPBB/UPBB609/2511/12/products/35d4cde618.jpg,#FFD700
PLA,eSUN PLA-Silk Magic 1.75mm 3D Filament 1KG,Red+Yellow+Blue,https://esun3dstore.com/products/epla-silk-magic,https://ueeshop.ly200-cdn.com/u_file/UPBB/UPBB609/2409/20/products/272b25f9fc.jpg,#FF0000
PLA,eSUN PLA-Silk Magic 1.75mm 3D Filament 1KG,Red+Gold+Purple,https://esun3dstore.com/products/epla-silk-magic,https://ueeshop.ly200-cdn.com/u_file/UPBB/UPBB609/2409/20/products/38e352cae9.jpg,#FF0000
PLA,eSUN PLA-Silk Magic 1.75mm 3D Filament 1KG,Red+Black+Gold,https://esun3dstore.com/products/epla-silk-magic,https://ueeshop.ly200-cdn.com/u_file/UPBB/UPBB609/2409/20/products/762b14b922.jpg,#000000
PLA,eSUN PLA-Silk Magic 1.75mm 3D Filament 1KG,Red+Green+Blue,https://esun3dstore.com/products/epla-silk-magic,https://ueeshop.ly200-cdn.com/u_file/UPBB/UPBB609/2409/20/products/f36b91c3c2.jpg,#FF0000
PLA,eSUN PLA-Silk Magic 1.75mm 3D Filament 1KG,Gold+Silver,https://esun3dstore.com/products/epla-silk-magic,https://ueeshop.ly200-cdn.com/u_file/UPBB/UPBB609/2409/20/products/0076068e95.jpg,#FFD700
PLA,eSUN PLA-Silk Magic 1.75mm 3D Filament 1KG,Red+ Blue,https://esun3dstore.com/products/epla-silk-magic,https://ueeshop.ly200-cdn.com/u_file/UPBB/UPBB609/2409/20/products/98fdf2073f.jpg,#FF0000
PLA,eSUN PLA-Silk Magic 1.75mm 3D Filament 1KG,Green+Blue,https://esun3dstore.com/products/epla-silk-magic,https://ueeshop.ly200-cdn.com/u_file/UPBB/UPBB609/2409/20/products/8d81a85c41.jpg,#0000FF
PLA,eSUN PLA-Silk Magic 1.75mm 3D Filament 1KG,Black+Gold,https://esun3dstore.com/products/epla-silk-magic,https://ueeshop.ly200-cdn.com/u_file/UPBB/UPBB609/2409/20/products/a3b5d68681.jpg,#000000
PLA,eSUN PLA-Silk Magic 1.75mm 3D Filament 1KG,Black+Red,https://esun3dstore.com/products/epla-silk-magic,https://ueeshop.ly200-cdn.com/u_file/UPBB/UPBB609/2409/20/products/74b14ccf84.jpg,#000000
PLA,eSUN PLA-Silk Magic 1.75mm 3D Filament 1KG,Black+Green,https://esun3dstore.com/products/epla-silk-magic,https://ueeshop.ly200-cdn.com/u_file/UPBB/UPBB609/2409/20/products/1cfee57ba4.jpg,#000000
PLA,eSUN PLA-Silk Magic 1.75mm 3D Filament 1KG,Black+Purple,https://esun3dstore.com/products/epla-silk-magic,https://ueeshop.ly200-cdn.com/u_file/UPBB/UPBB609/2409/20/products/e777c7e62b.jpg,#000000
PLA,eSUN PLA-Silk Magic 1.75mm 3D Filament 1KG,Red+Gold,https://esun3dstore.com/products/epla-silk-magic,https://ueeshop.ly200-cdn.com/u_file/UPBB/UPBB609/2409/20/products/95e19b7222.jpg,#FF0000
PLA,eSUN PLA-Silk Magic 1.75mm 3D Filament 1KG,Purple+Gold,https://esun3dstore.com/products/epla-silk-magic,https://ueeshop.ly200-cdn.com/u_file/UPBB/UPBB609/2409/20/products/df23e17127.jpg,#800080
PLA,eSUN PLA-Silk Magic 1.75mm 3D Filament 1KG,Red+Green,https://esun3dstore.com/products/epla-silk-magic,https://ueeshop.ly200-cdn.com/u_file/UPBB/UPBB609/2409/20/products/edcb9cd9af.jpg,#FF0000
PLA,eSUN PLA-Silk Magic 1.75mm 3D Filament 1KG,Blue+Silver,https://esun3dstore.com/products/epla-silk-magic,https://ueeshop.ly200-cdn.com/u_file/UPBB/UPBB609/2409/20/products/a5600e34f8.jpg,#0000FF
ABS,eSUN ABS+HS 1.75mm 3D Filament 1KG,Black,https://esun3dstore.com/products/eabs-pro-hs,https://ueeshop.ly200-cdn.com/u_file/UPBB/UPBB609/2502/06/products/295a30a564.jpg,#000000
ABS,eSUN ABS+HS 1.75mm 3D Filament 1KG,Cold White,https://esun3dstore.com/products/eabs-pro-hs,https://ueeshop.ly200-cdn.com/u_file/UPBB/UPBB609/2502/06/products/b2e64064a3.jpg,#FFFFFF
ABS,eSUN ABS+HS 1.75mm 3D Filament 1KG,Grey,https://esun3dstore.com/products/eabs-pro-hs,https://ueeshop.ly200-cdn.com/u_file/UPBB/UPBB609/2502/06/products/788cba891f.jpg,#808080
ABS,eSUN ABS+HS 1.75mm 3D Filament 1KG,White,https://esun3dstore.com/products/eabs-pro-hs,https://ueeshop.ly200-cdn.com/u_file/UPBB/UPBB609/2502/06/products/d225dcaafb.jpg,#FFFFFF
ABS,eSUN ABS+HS 1.75mm 3D Filament 1KG,Sliver,https://esun3dstore.com/products/eabs-pro-hs,https://ueeshop.ly200-cdn.com/u_file/UPBB/UPBB609/2502/06/products/58fd4fe490.jpg,#C0C0C0
ABS,eSUN ABS+HS 1.75mm 3D Filament 1KG,Natural,https://esun3dstore.com/products/eabs-pro-hs,https://ueeshop.ly200-cdn.com/u_file/UPBB/UPBB609/2502/06/products/e40f50e1d8.jpg,#F5F5DC
ABS,eSUN ABS+HS 1.75mm 3D Filament 1KG,Blue,https://esun3dstore.com/products/eabs-pro-hs,https://ueeshop.ly200-cdn.com/u_file/UPBB/UPBB609/2502/06/products/09dd076fbc.jpg,#0000FF
ABS,eSUN ABS+HS 1.75mm 3D Filament 1KG,Fire Engine Red,https://esun3dstore.com/products/eabs-pro-hs,https://ueeshop.ly200-cdn.com/u_file/UPBB/UPBB609/2502/06/products/061847e97c.jpg,#FF0000
ABS,eSUN ABS+HS 1.75mm 3D Filament 1KG,Red,https://esun3dstore.com/products/eabs-pro-hs,https://ueeshop.ly200-cdn.com/u_file/UPBB/UPBB609/2502/06/products/42057b4a0b.jpg,#FF0000
ABS,eSUN ABS+HS 1.75mm 3D Filament 1KG,Green,https://esun3dstore.com/products/eabs-pro-hs,https://ueeshop.ly200-cdn.com/u_file/UPBB/UPBB609/2502/06/products/e34c28a5a8.jpg,#00FF00
ABS,eSUN ABS+HS 1.75mm 3D Filament 1KG,Orange,https://esun3dstore.com/products/eabs-pro-hs,https://ueeshop.ly200-cdn.com/u_file/UPBB/UPBB609/2502/06/products/57a7032f54.jpg,#FFA500
ABS,eSUN ABS+HS 1.75mm 3D Filament 1KG,Yellow,https://esun3dstore.com/products/eabs-pro-hs,https://ueeshop.ly200-cdn.com/u_file/UPBB/UPBB609/2502/06/products/b4fbeb0220.jpg,#FFFF00
PLA,eSUN PLA-ST 1.75mm 3D Filament 1KG,Black,https://esun3dstore.com/products/epla-st,https://ueeshop.ly200-cdn.com/u_file/UPBB/UPBB609/2409/13/products/ce34c8b73c.jpg,#000000
PLA,eSUN PLA-ST 1.75mm 3D Filament 1KG,Grey,https://esun3dstore.com/products/epla-st,https://ueeshop.ly200-cdn.com/u_file/UPBB/UPBB609/2409/13/products/4f543614c9.jpg,#808080
PLA,eSUN PLA-ST 1.75mm 3D Filament 1KG,Natural,https://esun3dstore.com/products/epla-st,https://ueeshop.ly200-cdn.com/u_file/UPBB/UPBB609/2409/13/products/89d2f480df.jpg,#F5F5DC
PLA,eSUN PLA-Silk Rainbow 1.75mm 3D Filament 1KG,Scorching Sun,https://esun3dstore.com/products/epla-silk-rainbow,https://ueeshop.ly200-cdn.com/u_file/UPBB/UPBB609/2409/13/products/06fa9053ee.jpg,#FF8C00
PLA,eSUN PLA-Silk Rainbow 1.75mm 3D Filament 1KG,Morning Glory,https://esun3dstore.com/products/epla-silk-rainbow,https://ueeshop.ly200-cdn.com/u_file/UPBB/UPBB609/2409/13/products/13da0a4d62.jpg,#9ED2E6
PLA,eSUN PLA-Silk Rainbow 1.75mm 3D Filament 1KG,Universe,https://esun3dstore.com/products/epla-silk-rainbow,https://ueeshop.ly200-cdn.com/u_file/UPBB/UPBB609/2409/13/products/3f30f11c44.jpg,#1B1464
PLA,eSUN PLA-Silk Rainbow 1.75mm 3D Filament 1KG,Forest,https://esun3dstore.com/products/epla-silk-rainbow,https://ueeshop.ly200-cdn.com/u_file/UPBB/UPBB609/2409/13/products/45f797b07f.jpg,#228B22
PLA,eSUN PLA-Silk Rainbow 1.75mm 3D Filament 1KG,Coral,https://esun3dstore.com/products/epla-silk-rainbow,https://ueeshop.ly200-cdn.com/u_file/UPBB/UPBB609/2409/20/products/98c47b267c.jpg,#FF7F50
PLA,eSUN PLA-Silk Rainbow 1.75mm 3D Filament 1KG,Rainbow,https://esun3dstore.com/products/epla-silk-rainbow,https://ueeshop.ly200-cdn.com/u_file/UPBB/UPBB609/2409/13/products/eb030d6fbc.jpg,#FF0000
PLA,eSUN PLA-LW 1.75mm 3D Filament 1KG,Natural,https://esun3dstore.com/products/epla-lw,https://ueeshop.ly200-cdn.com/u_file/UPBB/UPBB609/2501/25/products/21ac18c230.jpg,#F5F5DC
PLA,eSUN PLA-LW 1.75mm 3D Filament 1KG,Black,https://esun3dstore.com/products/epla-lw,https://ueeshop.ly200-cdn.com/u_file/UPBB/UPBB609/2501/25/products/618f948a11.jpg,#000000
PLA,eSUN PLA-Silk Candy 1.75mm 3D Filament 1KG,Red+Gold+Blue,https://esun3dstore.com/products/epla-silk-candy,https://ueeshop.ly200-cdn.com/u_file/UPBB/UPBB609/2409/13/products/f65e35e213.jpg,#FF0000
PLA,eSUN PLA-Silk Candy 1.75mm 3D Filament 1KG,Gold+Blue+Green,https://esun3dstore.com/products/epla-silk-candy,https://ueeshop.ly200-cdn.com/u_file/UPBB/UPBB609/2409/13/products/755a03680f.jpg,#0000FF
PLA,eSUN PLA-Silk Candy 1.75mm 3D Filament 1KG,Silver+Black,https://esun3dstore.com/products/epla-silk-candy,https://ueeshop.ly200-cdn.com/u_file/UPBB/UPBB609/2409/13/products/a22b8f7d1f.jpg,#000000
PLA,eSUN PLA-Silk Candy 1.75mm 3D Filament 1KG,Red+Gold,https://esun3dstore.com/products/epla-silk-candy,https://ueeshop.ly200-cdn.com/u_file/UPBB/UPBB609/2409/13/products/b388994dfb.jpg,#FF0000
PLA,eSUN PLA-Silk Candy 1.75mm 3D Filament 1KG,Silver+Blue,https://esun3dstore.com/products/epla-silk-candy,https://ueeshop.ly200-cdn.com/u_file/UPBB/UPBB609/2409/13/products/1a15f80a41.jpg,#0000FF
PLA,eSUN PLA-Silk Candy 1.75mm 3D Filament 1KG,Blue+Green,https://esun3dstore.com/products/epla-silk-candy,https://ueeshop.ly200-cdn.com/u_file/UPBB/UPBB609/2409/13/products/d15177772c.jpg,#0000FF
PLA,eSUN PLA-Chameleon 1.75mm 3D Filament 1KG,Galaxy Blue,https://esun3dstore.com/products/epla-chameleon,https://ueeshop.ly200-cdn.com/u_file/UPBB/UPBB609/2409/13/products/9a0cb6976e.jpg,#0000FF
PLA,eSUN PLA-Chameleon 1.75mm 3D Filament 1KG,Tech Black,https://esun3dstore.com/products/epla-chameleon,https://ueeshop.ly200-cdn.com/u_file/UPBB/UPBB609/2409/13/products/0a0c47a101.jpg,#000000
PLA,eSUN PLA-Chameleon 1.75mm 3D Filament 1KG,Nebula Purple,https://esun3dstore.com/products/epla-chameleon,https://ueeshop.ly200-cdn.com/u_file/UPBB/UPBB609/2409/13/products/8da7788927.jpg,#800080
PLA,eSUN PLA-Chameleon 1.75mm 3D Filament 1KG,Polaris,https://esun3dstore.com/products/epla-chameleon,https://ueeshop.ly200-cdn.com/u_file/UPBB/UPBB609/2409/13/products/5b02de05f4.jpg,#4682B4
PLA,eSUN PLA-Chameleon 1.75mm 3D Filament 1KG,Raspberry Red,https://esun3dstore.com/products/epla-chameleon,https://ueeshop.ly200-cdn.com/u_file/UPBB/UPBB609/2409/13/products/ce53156a2b.jpg,#FF0000
PLA,eSUN PLA-Lite 1.75mm 3D Filament 1KG,Black,https://esun3dstore.com/products/epla-lite,https://ueeshop.ly200-cdn.com/u_file/UPBB/UPBB609/2504/17/products/070f6f8749.jpg,#000000
PLA,eSUN PLA-Lite 1.75mm 3D Filament 1KG,Cold White,https://esun3dstore.com/products/epla-lite,https://ueeshop.ly200-cdn.com/u_file/UPBB/UPBB609/2504/17/products/8c5783aa3f.jpg,#FFFFFF
PLA,eSUN PLA-Lite 1.75mm 3D Filament 1KG,Gray,https://esun3dstore.com/products/epla-lite,https://ueeshop.ly200-cdn.com/u_file/UPBB/UPBB609/2504/17/products/df01d4b5ad.jpg,#808080
PLA,eSUN PLA-Lite 1.75mm 3D Filament 1KG,Fire Engine Red,https://esun3dstore.com/products/epla-lite,https://ueeshop.ly200-cdn.com/u_file/UPBB/UPBB609/2504/17/products/f1ae6124e4.jpg,#FF0000
PLA,eSUN PLA-Lite 1.75mm 3D Filament 1KG,Yellow,https://esun3dstore.com/products/epla-lite,https://ueeshop.ly200-cdn.com/u_file/UPBB/UPBB609/2504/17/products/749bd18664.jpg,#FFFF00
PLA,eSUN PLA-Lite 1.75mm 3D Filament 1KG,Periwinkle Blue,https://esun3dstore.com/products/epla-lite,https://ueeshop.ly200-cdn.com/u_file/UPBB/UPBB609/2504/17/products/808343d38e.jpg,#0000FF
PLA,eSUN PLA-Lite 1.75mm 3D Filament 1KG,Red,https://esun3dstore.com/products/epla-lite,https://ueeshop.ly200-cdn.com/u_file/UPBB/UPBB609/2504/17/products/bda491c373.jpg,#FF0000
PLA,eSUN PLA-Lite 1.75mm 3D Filament 1KG,Blue,https://esun3dstore.com/products/epla-lite,https://ueeshop.ly200-cdn.com/u_file/UPBB/UPBB609/2504/17/products/a07fb29fe8.jpg,#0000FF
PLA,eSUN PLA-Lite 1.75mm 3D Filament 1KG,Green,https://esun3dstore.com/products/epla-lite,https://ueeshop.ly200-cdn.com/u_file/UPBB/UPBB609/2504/17/products/6329b2f83b.jpg,#00FF00
PETG,eSUN PETG-Basic 1.75mm 3D Filament 1KG,Black,https://esun3dstore.com/products/petg-basic,https://ueeshop.ly200-cdn.com/u_file/UPBB/UPBB609/2501/16/products/84dcaa5568.jpg,#000000
PETG,eSUN PETG-Basic 1.75mm 3D Filament 1KG,White,https://esun3dstore.com/products/petg-basic,https://ueeshop.ly200-cdn.com/u_file/UPBB/UPBB609/2501/16/products/bb6a26b336.jpg,#FFFFFF
PETG,eSUN PETG-Basic 1.75mm 3D Filament 1KG,Clear,https://esun3dstore.com/products/petg-basic,https://ueeshop.ly200-cdn.com/u_file/UPBB/UPBB609/2501/16/products/976757fa5c.jpg,#FFFFFF
PETG,eSUN PETG-Basic 1.75mm 3D Filament 1KG,Grey,https://esun3dstore.com/products/petg-basic,https://ueeshop.ly200-cdn.com/u_file/UPBB/UPBB609/2501/16/products/29ea5955b3.jpg,#808080
PETG,eSUN PETG-Basic 1.75mm 3D Filament 1KG,Silver,https://esun3dstore.com/products/petg-basic,https://ueeshop.ly200-cdn.com/u_file/UPBB/UPBB609/2501/16/products/4c939991b1.jpg,#C0C0C0
PETG,eSUN PETG-Basic 1.75mm 3D Filament 1KG,Red,https://esun3dstore.com/products/petg-basic,https://ueeshop.ly200-cdn.com/u_file/UPBB/UPBB609/2501/16/products/e21437fea8.jpg,#FF0000
PETG,eSUN PETG-Basic 1.75mm 3D Filament 1KG,Blue,https://esun3dstore.com/products/petg-basic,https://ueeshop.ly200-cdn.com/u_file/UPBB/UPBB609/2501/16/products/e9fbf81b44.jpg,#0000FF
PETG,eSUN PETG-Basic 1.75mm 3D Filament 1KG,Translucent Green,https://esun3dstore.com/products/petg-basic,https://ueeshop.ly200-cdn.com/u_file/UPBB/UPBB609/2501/16/products/2b2171e4b1.jpg,#00FF00
PETG,eSUN PETG-Basic 1.75mm 3D Filament 1KG,Translucent Blue,https://esun3dstore.com/products/petg-basic,https://ueeshop.ly200-cdn.com/u_file/UPBB/UPBB609/2501/16/products/01aad22340.jpg,#0000FF
PETG,eSUN PETG-Basic 1.75mm 3D Filament 1KG,Translucent Orange,https://esun3dstore.com/products/petg-basic,https://ueeshop.ly200-cdn.com/u_file/UPBB/UPBB609/2501/16/products/97f0d30735.jpg,#FFA500
PA,eSUN PA-CF 1.75mm 3D Filament 1KG,Default,https://esun3dstore.com/products/epa-cf,https://ueeshop.ly200-cdn.com/u_file/UPBB/UPBB609/2412/25/products/bc1296dcbd.jpg,#808080
PET,eSUN PET 1.75mm 3D Filament 1KG,Natural,https://esun3dstore.com/products/pet,https://ueeshop.ly200-cdn.com/u_file/UPBB/UPBB609/2411/18/products/f51d3f0921.jpg,#F5F5DC
PET,eSUN PET 1.75mm 3D Filament 1KG,Solid Black,https://esun3dstore.com/products/pet,https://ueeshop.ly200-cdn.com/u_file/UPBB/UPBB609/2411/18/products/ea48caf642.jpg,#000000
PET,eSUN PET 1.75mm 3D Filament 1KG,Solid White,https://esun3dstore.com/products/pet,https://ueeshop.ly200-cdn.com/u_file/UPBB/UPBB609/2411/18/products/d5a2886013.jpg,#FFFFFF
PET,eSUN PET 1.75mm 3D Filament 1KG,Solid Silver,https://esun3dstore.com/products/pet,https://ueeshop.ly200-cdn.com/u_file/UPBB/UPBB609/2411/18/products/9e12b9c9c1.jpg,#C0C0C0
PET,eSUN PET 1.75mm 3D Filament 1KG,Solid Orange,https://esun3dstore.com/products/pet,https://ueeshop.ly200-cdn.com/u_file/UPBB/UPBB609/2411/18/products/d5e5b76da2.jpg,#FFA500
PET,eSUN PET 1.75mm 3D Filament 1KG,Transparent Grey,https://esun3dstore.com/products/pet,https://ueeshop.ly200-cdn.com/u_file/UPBB/UPBB609/2411/18/products/9d13a0d432.jpg,#808080
PET,eSUN PET 1.75mm 3D Filament 1KG,Transparent Blue,https://esun3dstore.com/products/pet,https://ueeshop.ly200-cdn.com/u_file/UPBB/UPBB609/2411/18/products/f15ed8cfed.jpg,#0000FF
PET,eSUN PET 1.75mm 3D Filament 1KG,Transparent Orange,https://esun3dstore.com/products/pet,https://ueeshop.ly200-cdn.com/u_file/UPBB/UPBB609/2411/18/products/8e7714909f.jpg,#FFA500
PLA,eSUN PLA-Marble 1.7mm 3D Filament 1KG,Default,https://esun3dstore.com/products/epla-marble,https://ueeshop.ly200-cdn.com/u_file/UPBB/UPBB609/2412/25/products/0b76d2d7e3.jpg,#808080
PLA,eSUN PLA-CF 1.75mm 3D Filament 1KG,Black,https://esun3dstore.com/products/epla-cf,https://ueeshop.ly200-cdn.com/u_file/UPBB/UPBB609/2504/21/products/4cb77f6ce1.jpg,#000000
PLA,eSUN PLA-CF 1.75mm 3D Filament 1KG,Brown,https://esun3dstore.com/products/epla-cf,https://ueeshop.ly200-cdn.com/u_file/UPBB/UPBB609/2504/21/products/a35f64cffc.jpg,#8B4513
PLA,eSUN PLA-CF 1.75mm 3D Filament 1KG,Purple,https://esun3dstore.com/products/epla-cf,https://ueeshop.ly200-cdn.com/u_file/UPBB/UPBB609/2504/21/products/95e73a05c3.jpg,#800080
PLA,eSUN PLA-CF 1.75mm 3D Filament 1KG,Red,https://esun3dstore.com/products/epla-cf,https://ueeshop.ly200-cdn.com/u_file/UPBB/UPBB609/2504/21/products/d212168fa2.jpg,#FF0000
PLA,eSUN PLA-CF 1.75mm 3D Filament 1KG,Green,https://esun3dstore.com/products/epla-cf,https://ueeshop.ly200-cdn.com/u_file/UPBB/UPBB609/2504/21/products/a8eff83d88.jpg,#00FF00
PETG,eSUN PETG-Matte 1.75mm 3D Filament 1KG,White,https://esun3dstore.com/products/petg-matte,https://ueeshop.ly200-cdn.com/u_file/UPBB/UPBB609/2510/30/products/0bd609d5a9.jpg,#FFFFFF
PETG,eSUN PETG-Matte 1.75mm 3D Filament 1KG,Light Khaki,https://esun3dstore.com/products/petg-matte,https://ueeshop.ly200-cdn.com/u_file/UPBB/UPBB609/2510/30/products/2bb234a950.jpg,#F0E68C
PETG,eSUN PETG-Matte 1.75mm 3D Filament 1KG,Peach Pink,https://esun3dstore.com/products/petg-matte,https://ueeshop.ly200-cdn.com/u_file/UPBB/UPBB609/2510/30/products/495c19d790.jpg,#FFC0CB
PETG,eSUN PETG-Matte 1.75mm 3D Filament 1KG,Almond Yellow,https://esun3dstore.com/products/petg-matte,https://ueeshop.ly200-cdn.com/u_file/UPBB/UPBB609/2510/30/products/57c27e6f3c.jpg,#FFFF00
PETG,eSUN PETG-Matte 1.75mm 3D Filament 1KG,Apricot,https://esun3dstore.com/products/petg-matte,https://ueeshop.ly200-cdn.com/u_file/UPBB/UPBB609/2510/30/products/7df6568e8e.jpg,#FBCEB1
PETG,eSUN PETG-Matte 1.75mm 3D Filament 1KG,Dark Grey,https://esun3dstore.com/products/petg-matte,https://ueeshop.ly200-cdn.com/u_file/UPBB/UPBB609/2510/30/products/a1488272a3.jpg,#808080
PETG,eSUN PETG-Matte 1.75mm 3D Filament 1KG,Light Blue,https://esun3dstore.com/products/petg-matte,https://ueeshop.ly200-cdn.com/u_file/UPBB/UPBB609/2510/30/products/b97a42b3b4.jpg,#0000FF
PETG,eSUN PETG-Matte 1.75mm 3D Filament 1KG,Lilac,https://esun3dstore.com/products/petg-matte,https://ueeshop.ly200-cdn.com/u_file/UPBB/UPBB609/2510/30/products/de51efa19a.jpg,#C8A2C8
PETG,eSUN PETG-Matte 1.75mm 3D Filament 1KG,Mint Green,https://esun3dstore.com/products/petg-matte,https://ueeshop.ly200-cdn.com/u_file/UPBB/UPBB609/2510/30/products/5ad85656ed.jpg,#00FF00
PETG,eSUN PETG-Matte 1.75mm 3D Filament 1KG,Matcha Green,https://esun3dstore.com/products/petg-matte,https://ueeshop.ly200-cdn.com/u_file/UPBB/UPBB609/2510/30/products/1fd0d78c4c.jpg,#00FF00
PETG,eSUN PETG-CF 1.75mm 3D Filament 1KG,Dark Grey,https://esun3dstore.com/products/petg-cf,https://ueeshop.ly200-cdn.com/u_file/UPBB/UPBB609/2411/29/products/c634dc1504.jpg,#808080
PETG,eSUN PETG-CF 1.75mm 3D Filament 1KG,Antique Brass,https://esun3dstore.com/products/petg-cf,https://ueeshop.ly200-cdn.com/u_file/UPBB/UPBB609/2411/29/products/ed758d2354.jpg,#CD9575
PETG,eSUN PETG-CF 1.75mm 3D Filament 1KG,Black Red,https://esun3dstore.com/products/petg-cf,https://ueeshop.ly200-cdn.com/u_file/UPBB/UPBB609/2411/29/products/084ab0d855.jpg,#000000
PETG,eSUN PETG-CF 1.75mm 3D Filament 1KG,Blackish Green,https://esun3dstore.com/products/petg-cf,https://ueeshop.ly200-cdn.com/u_file/UPBB/UPBB609/2411/29/products/be1de9185d.jpg,#000000
PETG,eSUN PETG-CF 1.75mm 3D Filament 1KG,Deep Blue,https://esun3dstore.com/products/petg-cf,https://ueeshop.ly200-cdn.com/u_file/UPBB/UPBB609/2411/29/products/0c6ac973b2.jpg,#0000FF
TPE,eSUN TPE-83A 1.75mm 3D Filament 1KG,Black,https://esun3dstore.com/products/tpe-83a,https://ueeshop.ly200-cdn.com/u_file/UPBB/UPBB609/2409/13/products/459a5a671d.jpg,#000000
TPE,eSUN TPE-83A 1.75mm 3D Filament 1KG,White,https://esun3dstore.com/products/tpe-83a,https://ueeshop.ly200-cdn.com/u_file/UPBB/UPBB609/2409/13/products/9ae3ead1c0.jpg,#FFFFFF
PLA,eSUN PLA-Luminous Rainbow 1.75mm 3D Filament 1KG,Default,https://esun3dstore.com/products/epla-luminous-rainbow,https://ueeshop.ly200-cdn.com/u_file/UPBB/UPBB609/2412/24/products/a3fcca4a82.jpg,#808080
PLA,eSUN PLA-Rock 1.75mm 3D Filament 1KG,Blueschist,https://esun3dstore.com/products/pla-rock,https://ueeshop.ly200-cdn.com/u_file/UPBB/UPBB609/2508/28/products/4eeb8a452e.jpg,#0000FF
PLA,eSUN PLA-Rock 1.75mm 3D Filament 1KG,Hornfels,https://esun3dstore.com/products/pla-rock,https://ueeshop.ly200-cdn.com/u_file/UPBB/UPBB609/2508/28/products/ff6d33a2b0.jpg,#4A4A4A
PLA,eSUN PLA-Rock 1.75mm 3D Filament 1KG,Limestone,https://esun3dstore.com/products/pla-rock,https://ueeshop.ly200-cdn.com/u_file/UPBB/UPBB609/2508/28/products/42ee67ce82.jpg,#00FF00
PLA,eSUN PLA-Rock 1.75mm 3D Filament 1KG,Pegmatite,https://esun3dstore.com/products/pla-rock,https://ueeshop.ly200-cdn.com/u_file/UPBB/UPBB609/2508/28/products/1a7e9a1add.jpg,#E8E8E8
PLA,eSUN PLA-Rock 1.75mm 3D Filament 1KG,Quartzite,https://esun3dstore.com/products/pla-rock,https://ueeshop.ly200-cdn.com/u_file/UPBB/UPBB609/2508/28/products/8556a30083.jpg,#D4D4D4
PLA,eSUN PLA-Rock 1.75mm 3D Filament 1KG,Tiger-Porphyry,https://esun3dstore.com/products/pla-rock,https://ueeshop.ly200-cdn.com/u_file/UPBB/UPBB609/2508/28/products/87446e16d7.jpg,#C88141
PLA,eSUN PLA-Rock 1.75mm 3D Filament 1KG,Granite,https://esun3dstore.com/products/pla-rock,https://ueeshop.ly200-cdn.com/u_file/UPBB/UPBB609/2512/30/products/3fae5071f3.jpg,#837E7C
PLA,eSUN PLA-Rock 1.75mm 3D Filament 1KG,Sandstone,https://esun3dstore.com/products/pla-rock,https://ueeshop.ly200-cdn.com/u_file/UPBB/UPBB609/2512/30/products/7e98a92750.jpg,#786D5F
ABS,eSUN ABS-CF 1.75mm 3D Filament 1KG,Black,https://esun3dstore.com/products/abs-cf,https://ueeshop.ly200-cdn.com/u_file/UPBB/UPBB609/2504/17/products/bb68245a37.jpg,#000000
ABS,eSUN ABS-CF 1.75mm 3D Filament 1KG,Dark Red,https://esun3dstore.com/products/abs-cf,https://ueeshop.ly200-cdn.com/u_file/UPBB/UPBB609/2504/17/products/070a5ffeb2.jpg,#FF0000
ABS,eSUN ABS-CF 1.75mm 3D Filament 1KG,Dark Purple,https://esun3dstore.com/products/abs-cf,https://ueeshop.ly200-cdn.com/u_file/UPBB/UPBB609/2504/17/products/e541c49058.jpg,#800080
ABS,eSUN ABS-CF 1.75mm 3D Filament 1KG,Dark Blue,https://esun3dstore.com/products/abs-cf,https://ueeshop.ly200-cdn.com/u_file/UPBB/UPBB609/2504/17/products/82e75250a3.jpg,#0000FF
ABS,eSUN ABS-CF 1.75mm 3D Filament 1KG,Dark Green,https://esun3dstore.com/products/abs-cf,https://ueeshop.ly200-cdn.com/u_file/UPBB/UPBB609/2504/17/products/ce7a12ee79.jpg,#00FF00
TPU,eSUN TPU-LW 1.75mm 3D Filament 0.75KG,White,https://esun3dstore.com/products/tpu-lw,https://ueeshop.ly200-cdn.com/u_file/UPBB/UPBB609/2501/03/products/b824741896.jpg,#FFFFFF
TPU,eSUN TPU-LW 1.75mm 3D Filament 0.75KG,Black,https://esun3dstore.com/products/tpu-lw,https://ueeshop.ly200-cdn.com/u_file/UPBB/UPBB609/2501/07/products/808183e350.jpg,#000000
TPU,eSUN TPU-LW 1.75mm 3D Filament 0.75KG,Grey,https://esun3dstore.com/products/tpu-lw,https://ueeshop.ly200-cdn.com/u_file/UPBB/UPBB609/2501/07/products/3aa916b0be.jpg,#808080
PLA,eSUN PLA+ CMYK Filament Bundle 4PCS,White,https://esun3dstore.com/products/pla-cmyk,https://ueeshop.ly200-cdn.com/u_file/UPBB/UPBB609/2505/13/products/6775556949.jpg,#FFFFFF
PLA,eSUN PLA+ CMYK Filament Bundle 4PCS,Yellow,https://esun3dstore.com/products/pla-cmyk,https://ueeshop.ly200-cdn.com/u_file/UPBB/UPBB609/2505/13/products/59dfa549af.jpg,#FFFF00
PLA,eSUN PLA+ CMYK Filament Bundle 4PCS,Magenta,https://esun3dstore.com/products/pla-cmyk,https://ueeshop.ly200-cdn.com/u_file/UPBB/UPBB609/2505/13/products/8b2d0a8b8e.jpg,#FF00FF
PLA,eSUN PLA+ CMYK Filament Bundle 4PCS,Cyan,https://esun3dstore.com/products/pla-cmyk,https://ueeshop.ly200-cdn.com/u_file/UPBB/UPBB609/2505/13/products/82254fbef4.jpg,#00FFFF
PLA,eSUN PLA+ CMYK Filament Bundle 4PCS,CMYK Bundle,https://esun3dstore.com/products/pla-cmyk,https://ueeshop.ly200-cdn.com/u_file/UPBB/UPBB609/2505/13/products/78354572f6.jpg,#00FFFF
PLA,eSUN PLA-Wood 1.75mm 3D Filament 1KG,Plain Wood,https://esun3dstore.com/products/pla-wood,https://ueeshop.ly200-cdn.com/u_file/UPBB/UPBB609/2512/30/products/fce0f52c73.jpg,#DEB887
PLA,eSUN PLA-Wood 1.75mm 3D Filament 1KG,Birch,https://esun3dstore.com/products/pla-wood,https://ueeshop.ly200-cdn.com/u_file/UPBB/UPBB609/2512/30/products/52ffcf11a1.jpg,#F5DEB3
PLA,eSUN PLA-Wood 1.75mm 3D Filament 1KG,Aspen,https://esun3dstore.com/products/pla-wood,https://ueeshop.ly200-cdn.com/u_file/UPBB/UPBB609/2512/30/products/7d86c77de4.jpg,#F5F5DC
PLA,eSUN PLA-Wood 1.75mm 3D Filament 1KG,Walnut,https://esun3dstore.com/products/pla-wood,https://ueeshop.ly200-cdn.com/u_file/UPBB/UPBB609/2512/30/products/b513eb60c6.jpg,#5D432C
PLA,eSUN PLA-UV Color Change 1.75mm 3D Filament 1KG,UV Change Orange,https://esun3dstore.com/products/pla-uv-color-change,https://ueeshop.ly200-cdn.com/u_file/UPBB/UPBB609/2506/23/products/6077eac416.jpg,#FFA500
PLA,eSUN PLA-UV Color Change 1.75mm 3D Filament 1KG,UV Change Red,https://esun3dstore.com/products/pla-uv-color-change,https://ueeshop.ly200-cdn.com/u_file/UPBB/UPBB609/2506/23/products/ac9ecdec6c.jpg,#FF0000
PLA,eSUN PLA-UV Color Change 1.75mm 3D Filament 1KG,UV Change Yellow,https://esun3dstore.com/products/pla-uv-color-change,https://ueeshop.ly200-cdn.com/u_file/UPBB/UPBB609/2506/23/products/4e81786975.jpg,#FFFF00
PLA,eSUN PLA-UV Color Change 1.75mm 3D Filament 1KG,UV Change Blue,https://esun3dstore.com/products/pla-uv-color-change,https://ueeshop.ly200-cdn.com/u_file/UPBB/UPBB609/2506/23/products/7379258134.jpg,#0000FF
PLA,eSUN PLA-UV Color Change 1.75mm 3D Filament 1KG,UV Change Green,https://esun3dstore.com/products/pla-uv-color-change,https://ueeshop.ly200-cdn.com/u_file/UPBB/UPBB609/2506/23/products/4c7a2788bd.jpg,#00FF00
PLA,eSUN PLA-UV Color Change 1.75mm 3D Filament 1KG,UV Change Purple,https://esun3dstore.com/products/pla-uv-color-change,https://ueeshop.ly200-cdn.com/u_file/UPBB/UPBB609/2506/23/products/e2f3e56b43.jpg,#800080
PLA,eSUN PLA-UV Color Change 1.75mm 3D Filament 1KG,UV Change Fuchsia,https://esun3dstore.com/products/pla-uv-color-change,https://ueeshop.ly200-cdn.com/u_file/UPBB/UPBB609/2506/23/products/c49339e4a7.jpg,#FF00FF
PLA,eSUN PLA-Stars 1.75mm 3D Filament 1KG,Default,https://esun3dstore.com/products/estars-pla,https://ueeshop.ly200-cdn.com/u_file/UPBB/UPBB609/2412/25/products/648816255c.jpg,#808080
PLA,eSUN PLA-Metal 1.75mm 3D Filament 1KG,Bronze,https://esun3dstore.com/products/epla-metal,https://ueeshop.ly200-cdn.com/u_file/UPBB/UPBB609/2409/13/products/41b3235a40.jpg,#CD7F32
PLA,eSUN PLA-Metal 1.75mm 3D Filament 1KG,Gold,https://esun3dstore.com/products/epla-metal,https://ueeshop.ly200-cdn.com/u_file/UPBB/UPBB609/2409/13/products/0e14eef9c1.jpg,#FFD700
PA,eSUN PA 1.75mm 3D Filament 1KG,Default,https://esun3dstore.com/products/epa,https://ueeshop.ly200-cdn.com/u_file/UPBB/UPBB609/2412/24/products/df6f75fbaa.jpg,#808080
PA,eSUN PA12-CF 1.75mm 3D Filament 1KG,Default,https://esun3dstore.com/products/epa12-cf,https://ueeshop.ly200-cdn.com/u_file/UPBB/UPBB609/2412/25/products/400cc5519d.jpg,#808080
PA,eSUN ePAHT-CF 1.75mm 3D Filament 0.75KG,Default,https://esun3dstore.com/products/epaht-cf,https://ueeshop.ly200-cdn.com/u_file/UPBB/UPBB609/2409/13/products/05867155e6.jpg,#808080
PLA,eSUN PLA+ 1.75mm 3D Filament 1KG,Black,https://esun3dstore.com/products/pla-pro,https://ueeshop.ly200-cdn.com/u_file/UPBB/UPBB609/2409/14/products/a4274f7c3c.jpg,#25282A
PLA,eSUN PLA+ 1.75mm 3D Filament 1KG,Cold White,https://esun3dstore.com/products/pla-pro,https://ueeshop.ly200-cdn.com/u_file/UPBB/UPBB609/2409/14/products/a4274f7c3c.jpg,#F8F8FF
PLA,eSUN PLA+ 1.75mm 3D Filament 1KG,White,https://esun3dstore.com/products/pla-pro,https://ueeshop.ly200-cdn.com/u_file/UPBB/UPBB609/2409/14/products/a4274f7c3c.jpg,#FFFFFF
PLA,eSUN PLA+ 1.75mm 3D Filament 1KG,Milky White,https://esun3dstore.com/products/pla-pro,https://ueeshop.ly200-cdn.com/u_file/UPBB/UPBB609/2409/14/products/a4274f7c3c.jpg,#D9E1E2
PLA,eSUN PLA+ 1.75mm 3D Filament 1KG,Bone White,https://esun3dstore.com/products/pla-pro,https://ueeshop.ly200-cdn.com/u_file/UPBB/UPBB609/2409/14/products/a4274f7c3c.jpg,#D1C1A8
PLA,eSUN PLA+ 1.75mm 3D Filament 1KG,Beige,https://esun3dstore.com/products/pla-pro,https://ueeshop.ly200-cdn.com/u_file/UPBB/UPBB609/2409/14/products/a4274f7c3c.jpg,#F1C6A6
PLA,eSUN PLA+ 1.75mm 3D Filament 1KG,Light Khaki,https://esun3dstore.com/products/pla-pro,https://ueeshop.ly200-cdn.com/u_file/UPBB/UPBB609/2409/14/products/a4274f7c3c.jpg,#D7D9D2
PLA,eSUN PLA+ 1.75mm 3D Filament 1KG,Grey,https://esun3dstore.com/products/pla-pro,https://ueeshop.ly200-cdn.com/u_file/UPBB/UPBB609/2409/14/products/a4274f7c3c.jpg,#606E81
PLA,eSUN PLA+ 1.75mm 3D Filament 1KG,Silver,https://esun3dstore.com/products/pla-pro,https://ueeshop.ly200-cdn.com/u_file/UPBB/UPBB609/2409/14/products/a4274f7c3c.jpg,#9D9C9E
PLA,eSUN PLA+ 1.75mm 3D Filament 1KG,Fire Engine Red,https://esun3dstore.com/products/pla-pro,https://ueeshop.ly200-cdn.com/u_file/UPBB/UPBB609/2409/14/products/a4274f7c3c.jpg,#A50034
PLA,eSUN PLA+ 1.75mm 3D Filament 1KG,Red,https://esun3dstore.com/products/pla-pro,https://ueeshop.ly200-cdn.com/u_file/UPBB/UPBB609/2409/14/products/a4274f7c3c.jpg,#DC3513
PLA,eSUN PLA+ 1.75mm 3D Filament 1KG,RGB Red,https://esun3dstore.com/products/pla-pro,https://ueeshop.ly200-cdn.com/u_file/UPBB/UPBB609/2409/14/products/a4274f7c3c.jpg,#FF0000
PLA,eSUN PLA+ 1.75mm 3D Filament 1KG,Magenta,https://esun3dstore.com/products/pla-pro,https://ueeshop.ly200-cdn.com/u_file/UPBB/UPBB609/2409/14/products/a4274f7c3c.jpg,#DF1995
PLA,eSUN PLA+ 1.75mm 3D Filament 1KG,Green,https://esun3dstore.com/products/pla-pro,https://ueeshop.ly200-cdn.com/u_file/UPBB/UPBB609/2409/14/products/a4274f7c3c.jpg,#1C4538
PLA,eSUN PLA+ 1.75mm 3D Filament 1KG,Olive Green,https://esun3dstore.com/products/pla-pro,https://ueeshop.ly200-cdn.com/u_file/UPBB/UPBB609/2409/14/products/a4274f7c3c.jpg,#4F5C43
PLA,eSUN PLA+ 1.75mm 3D Filament 1KG,Pine Green,https://esun3dstore.com/products/pla-pro,https://ueeshop.ly200-cdn.com/u_file/UPBB/UPBB609/2409/14/products/a4274f7c3c.jpg,#0D5D3F
PLA,eSUN PLA+ 1.75mm 3D Filament 1KG,Peak Green,https://esun3dstore.com/products/pla-pro,https://ueeshop.ly200-cdn.com/u_file/UPBB/UPBB609/2409/14/products/a4274f7c3c.jpg,#8EDD65
PLA,eSUN PLA+ 1.75mm 3D Filament 1KG,RGB Green,https://esun3dstore.com/products/pla-pro,https://ueeshop.ly200-cdn.com/u_file/UPBB/UPBB609/2409/14/products/a4274f7c3c.jpg,#2CC84D
PLA,eSUN PLA+ 1.75mm 3D Filament 1KG,Mint Green,https://esun3dstore.com/products/pla-pro,https://ueeshop.ly200-cdn.com/u_file/UPBB/UPBB609/2409/14/products/a4274f7c3c.jpg,#A2E4B8
PLA,eSUN PLA+ 1.75mm 3D Filament 1KG,Matcha Green,https://esun3dstore.com/products/pla-pro,https://ueeshop.ly200-cdn.com/u_file/UPBB/UPBB609/2409/14/products/a4274f7c3c.jpg,#A9C47F
PLA,eSUN PLA+ 1.75mm 3D Filament 1KG,Grass Green,https://esun3dstore.com/products/pla-pro,https://ueeshop.ly200-cdn.com/u_file/UPBB/UPBB609/2409/14/products/a4274f7c3c.jpg,#008522
PLA,eSUN PLA+ 1.75mm 3D Filament 1KG,Holly Green,https://esun3dstore.com/products/pla-pro,https://ueeshop.ly200-cdn.com/u_file/UPBB/UPBB609/2409/14/products/a4274f7c3c.jpg,#00491E
PLA,eSUN PLA+ 1.75mm 3D Filament 1KG,Jade Green,https://esun3dstore.com/products/pla-pro,https://ueeshop.ly200-cdn.com/u_file/UPBB/UPBB609/2409/14/products/a4274f7c3c.jpg,#00C389
PLA,eSUN PLA+ 1.75mm 3D Filament 1KG,Mustard Green,https://esun3dstore.com/products/pla-pro,https://ueeshop.ly200-cdn.com/u_file/UPBB/UPBB609/2409/14/products/a4274f7c3c.jpg,#BFCC80
PLA,eSUN PLA+ 1.75mm 3D Filament 1KG,Blue,https://esun3dstore.com/products/pla-pro,https://ueeshop.ly200-cdn.com/u_file/UPBB/UPBB609/2409/14/products/a4274f7c3c.jpg,#00358E
PLA,eSUN PLA+ 1.75mm 3D Filament 1KG,RGB Blue,https://esun3dstore.com/products/pla-pro,https://ueeshop.ly200-cdn.com/u_file/UPBB/UPBB609/2409/14/products/a4274f7c3c.jpg,#0032A0
PLA,eSUN PLA+ 1.75mm 3D Filament 1KG,Dark blue,https://esun3dstore.com/products/pla-pro,https://ueeshop.ly200-cdn.com/u_file/UPBB/UPBB609/2409/14/products/a4274f7c3c.jpg,#00263A
PLA,eSUN PLA+ 1.75mm 3D Filament 1KG,Light Blue,https://esun3dstore.com/products/pla-pro,https://ueeshop.ly200-cdn.com/u_file/UPBB/UPBB609/2409/14/products/a4274f7c3c.jpg,#28B5C7
PLA,eSUN PLA+ 1.75mm 3D Filament 1KG,Space Blue,https://esun3dstore.com/products/pla-pro,https://ueeshop.ly200-cdn.com/u_file/UPBB/UPBB609/2409/14/products/a4274f7c3c.jpg,#41B6E6
PLA,eSUN PLA+ 1.75mm 3D Filament 1KG,Soft Blue,https://esun3dstore.com/products/pla-pro,https://ueeshop.ly200-cdn.com/u_file/UPBB/UPBB609/2409/14/products/a4274f7c3c.jpg,#77C5D5
PLA,eSUN PLA+ 1.75mm 3D Filament 1KG,Periwinkle Blue,https://esun3dstore.com/products/pla-pro,https://ueeshop.ly200-cdn.com/u_file/UPBB/UPBB609/2409/14/products/a4274f7c3c.jpg,#6068B2
PLA,eSUN PLA+ 1.75mm 3D Filament 1KG,Haze Blue,https://esun3dstore.com/products/pla-pro,https://ueeshop.ly200-cdn.com/u_file/UPBB/UPBB609/2409/14/products/a4274f7c3c.jpg,#6191B4
PLA,eSUN PLA+ 1.75mm 3D Filament 1KG,Aqua,https://esun3dstore.com/products/pla-pro,https://ueeshop.ly200-cdn.com/u_file/UPBB/UPBB609/2409/14/products/a4274f7c3c.jpg,#0DA4AF
PLA,eSUN PLA+ 1.75mm 3D Filament 1KG,Brown,https://esun3dstore.com/products/pla-pro,https://ueeshop.ly200-cdn.com/u_file/UPBB/UPBB609/2409/14/products/a4274f7c3c.jpg,#785135
PLA,eSUN PLA+ 1.75mm 3D Filament 1KG,Light Brown,https://esun3dstore.com/products/pla-pro,https://ueeshop.ly200-cdn.com/u_file/UPBB/UPBB609/2409/14/products/a4274f7c3c.jpg,#A8714E
PLA,eSUN PLA+ 1.75mm 3D Filament 1KG,Pink,https://esun3dstore.com/products/pla-pro,https://ueeshop.ly200-cdn.com/u_file/UPBB/UPBB609/2409/14/products/a4274f7c3c.jpg,#F65C87
PLA,eSUN PLA+ 1.75mm 3D Filament 1KG,Peach Pink,https://esun3dstore.com/products/pla-pro,https://ueeshop.ly200-cdn.com/u_file/UPBB/UPBB609/2409/14/products/a4274f7c3c.jpg,#F1BDC8
PLA,eSUN PLA+ 1.75mm 3D Filament 1KG,Soft Pink,https://esun3dstore.com/products/pla-pro,https://ueeshop.ly200-cdn.com/u_file/UPBB/UPBB609/2409/14/products/a4274f7c3c.jpg,#E9A2B2
PLA,eSUN PLA+ 1.75mm 3D Filament 1KG,Yellow,https://esun3dstore.com/products/pla-pro,https://ueeshop.ly200-cdn.com/u_file/UPBB/UPBB609/2409/14/products/a4274f7c3c.jpg,#FEDD00
PLA,eSUN PLA+ 1.75mm 3D Filament 1KG,Almond Yellow,https://esun3dstore.com/products/pla-pro,https://ueeshop.ly200-cdn.com/u_file/UPBB/UPBB609/2409/14/products/a4274f7c3c.jpg,#F1EB9C
PLA,eSUN PLA+ 1.75mm 3D Filament 1KG,Orange,https://esun3dstore.com/products/pla-pro,https://ueeshop.ly200-cdn.com/u_file/UPBB/UPBB609/2409/14/products/a4274f7c3c.jpg,#FF6720
PLA,eSUN PLA+ 1.75mm 3D Filament 1KG,Coral Orange,https://esun3dstore.com/products/pla-pro,https://ueeshop.ly200-cdn.com/u_file/UPBB/UPBB609/2409/14/products/a4274f7c3c.jpg,#FA6E36
PLA,eSUN PLA+ 1.75mm 3D Filament 1KG,Apricot,https://esun3dstore.com/products/pla-pro,https://ueeshop.ly200-cdn.com/u_file/UPBB/UPBB609/2409/14/products/a4274f7c3c.jpg,#FEAD77
PLA,eSUN PLA+ 1.75mm 3D Filament 1KG,Gold,https://esun3dstore.com/products/pla-pro,https://ueeshop.ly200-cdn.com/u_file/UPBB/UPBB609/2409/14/products/a4274f7c3c.jpg,#D19000
PLA,eSUN PLA+ 1.75mm 3D Filament 1KG,Lilac,https://esun3dstore.com/products/pla-pro,https://ueeshop.ly200-cdn.com/u_file/UPBB/UPBB609/2409/14/products/a4274f7c3c.jpg,#D7B9E4
PLA,eSUN PLA+ 1.75mm 3D Filament 1KG,Purple,https://esun3dstore.com/products/pla-pro,https://ueeshop.ly200-cdn.com/u_file/UPBB/UPBB609/2409/14/products/a4274f7c3c.jpg,#500878
PETG,eSUN PETG 1.75mm 3D Filament 1KG,Solid Black,https://esun3dstore.com/products/petg,https://ueeshop.ly200-cdn.com/u_file/UPBB/UPBB609/2503/20/products/e48a384c02.jpg,#000000
PETG,eSUN PETG 1.75mm 3D Filament 1KG,Solid White,https://esun3dstore.com/products/petg,https://ueeshop.ly200-cdn.com/u_file/UPBB/UPBB609/2503/20/products/b612eb63e3.jpg,#FFFFFF
PETG,eSUN PETG 1.75mm 3D Filament 1KG,Solid Grey,https://esun3dstore.com/products/petg,https://ueeshop.ly200-cdn.com/u_file/UPBB/UPBB609/2503/20/products/4b3368131b.jpg,#808080
PETG,eSUN PETG 1.75mm 3D Filament 1KG,Solid Red,https://esun3dstore.com/products/petg,https://ueeshop.ly200-cdn.com/u_file/UPBB/UPBB609/2503/20/products/f8daf81b2a.jpg,#FF0000
PETG,eSUN PETG 1.75mm 3D Filament 1KG,Solid Gold,https://esun3dstore.com/products/petg,https://ueeshop.ly200-cdn.com/u_file/UPBB/UPBB609/2503/20/products/69d83bbde0.jpg,#FFD700
PETG,eSUN PETG 1.75mm 3D Filament 1KG,Solid Blue,https://esun3dstore.com/products/petg,https://ueeshop.ly200-cdn.com/u_file/UPBB/UPBB609/2503/20/products/f7d1746ef6.jpg,#0000FF
PETG,eSUN PETG 1.75mm 3D Filament 1KG,Solid Green,https://esun3dstore.com/products/petg,https://ueeshop.ly200-cdn.com/u_file/UPBB/UPBB609/2503/20/products/efe8aa48a5.jpg,#00FF00
PETG,eSUN PETG 1.75mm 3D Filament 1KG,Solid Yellow,https://esun3dstore.com/products/petg,https://ueeshop.ly200-cdn.com/u_file/UPBB/UPBB609/2503/20/products/e8d74d6f85.jpg,#FFFF00
PETG,eSUN PETG 1.75mm 3D Filament 1KG,Solid Silver,https://esun3dstore.com/products/petg,https://ueeshop.ly200-cdn.com/u_file/UPBB/UPBB609/2503/20/products/cf3720371b.jpg,#C0C0C0
PETG,eSUN PETG 1.75mm 3D Filament 1KG,Solid Purple,https://esun3dstore.com/products/petg,https://ueeshop.ly200-cdn.com/u_file/UPBB/UPBB609/2503/20/products/5dc3ed88fa.jpg,#800080
PETG,eSUN PETG 1.75mm 3D Filament 1KG,Fire Engine Red,https://esun3dstore.com/products/petg,https://ueeshop.ly200-cdn.com/u_file/UPBB/UPBB609/2503/20/products/9c2fd57a29.jpg,#FF0000
PETG,eSUN PETG 1.75mm 3D Filament 1KG,Translucent Green,https://esun3dstore.com/products/petg,https://ueeshop.ly200-cdn.com/u_file/UPBB/UPBB609/2503/20/products/8ef444180e.jpg,#00FF00
PETG,eSUN PETG 1.75mm 3D Filament 1KG,Natural,https://esun3dstore.com/products/petg,https://ueeshop.ly200-cdn.com/u_file/UPBB/UPBB609/2503/20/products/ac64461319.jpg,#F5F5DC
PETG,eSUN PETG 1.75mm 3D Filament 1KG,Translucent Blue,https://esun3dstore.com/products/petg,https://ueeshop.ly200-cdn.com/u_file/UPBB/UPBB609/2503/20/products/0f9797a552.jpg,#0000FF
PETG,eSUN PETG 1.75mm 3D Filament 1KG,Translucent Yellow,https://esun3dstore.com/products/petg,https://ueeshop.ly200-cdn.com/u_file/UPBB/UPBB609/2503/20/products/470631ad36.jpg,#FFFF00
PETG,eSUN PETG 1.75mm 3D Filament 1KG,Translucent Magenta,https://esun3dstore.com/products/petg,https://ueeshop.ly200-cdn.com/u_file/UPBB/UPBB609/2503/20/products/151d546b48.jpg,#FF00FF
