Filament Name,Material,Product Link,Color,Color Link,Color Hex
"Filaflex Foamy","Filaflex TPU","https://recreus.com/en-en/products/filaflex-foamy","Black","https://recreus.com/en-en/products/filaflex-foamy?variant=47290325795075","#1C1C1C"
"Filaflex Foamy","Filaflex TPU","https://recreus.com/en-en/products/filaflex-foamy","Black","https://recreus.com/en-en/products/filaflex-foamy?variant=47210780328195","#1C1C1C"
"Filaflex Foamy","Filaflex TPU","https://recreus.com/en-en/products/filaflex-foamy","Black","https://recreus.com/en-en/products/filaflex-foamy?variant=47418783269123","#1C1C1C"
"Filaflex Foamy","Filaflex TPU","https://recreus.com/en-en/products/filaflex-foamy","Black","https://recreus.com/en-en/products/filaflex-foamy?variant=47290325827843","#1C1C1C"
"Filaflex Foamy","Filaflex TPU","https://recreus.com/en-en/products/filaflex-foamy","Black","https://recreus.com/en-en/products/filaflex-foamy?variant=47223043784963","#1C1C1C"
"Filaflex Foamy","Filaflex TPU","https://recreus.com/en-en/products/filaflex-foamy","Natural","https://recreus.com/en-en/products/filaflex-foamy?variant=47290326417667","#F5F5DC"
"Filaflex Foamy","Filaflex TPU","https://recreus.com/en-en/products/filaflex-foamy","Natural","https://recreus.com/en-en/products/filaflex-foamy?variant=47228285681923","#F5F5DC"
"Filaflex Foamy","Filaflex TPU","https://recreus.com/en-en/products/filaflex-foamy","Natural","https://recreus.com/en-en/products/filaflex-foamy?variant=47418783432963","#F5F5DC"
"Filaflex Foamy","Filaflex TPU","https://recreus.com/en-en/products/filaflex-foamy","Natural","https://recreus.com/en-en/products/filaflex-foamy?variant=47290326450435","#F5F5DC"
"Filaflex Foamy","Filaflex TPU","https://recreus.com/en-en/products/filaflex-foamy","Natural","https://recreus.com/en-en/products/filaflex-foamy?variant=47228303409411","#F5F5DC"
"Filaflex Foamy","Filaflex TPU","https://recreus.com/en-en/products/filaflex-foamy","Denim","https://recreus.com/en-en/products/filaflex-foamy?variant=47290326843651","#1560BD"
"Filaflex Foamy","Filaflex TPU","https://recreus.com/en-en/products/filaflex-foamy","Denim","https://recreus.com/en-en/products/filaflex-foamy?variant=47228308291843","#1560BD"
"Filaflex Foamy","Filaflex TPU","https://recreus.com/en-en/products/filaflex-foamy","Denim","https://recreus.com/en-en/products/filaflex-foamy?variant=47290326876419","#1560BD"
"Filaflex Foamy","Filaflex TPU","https://recreus.com/en-en/products/filaflex-foamy","Denim","https://recreus.com/en-en/products/filaflex-foamy?variant=47228316188931","#1560BD"
"Filaflex Foamy","Filaflex TPU","https://recreus.com/en-en/products/filaflex-foamy","Red","https://recreus.com/en-en/products/filaflex-foamy?variant=47290327826691","#C41E3A"
"Filaflex Foamy","Filaflex TPU","https://recreus.com/en-en/products/filaflex-foamy","Red","https://recreus.com/en-en/products/filaflex-foamy?variant=47228321759491","#C41E3A"
"Filaflex Foamy","Filaflex TPU","https://recreus.com/en-en/products/filaflex-foamy","Red","https://recreus.com/en-en/products/filaflex-foamy?variant=47290327859459","#C41E3A"
"Filaflex Foamy","Filaflex TPU","https://recreus.com/en-en/products/filaflex-foamy","Red","https://recreus.com/en-en/products/filaflex-foamy?variant=47228321792259","#C41E3A"
"Filaflex Foamy","Filaflex TPU","https://recreus.com/en-en/products/filaflex-foamy","Nude","https://recreus.com/en-en/products/filaflex-foamy?variant=47290335265027","#E3BC9A"
"Filaflex Foamy","Filaflex TPU","https://recreus.com/en-en/products/filaflex-foamy","Nude","https://recreus.com/en-en/products/filaflex-foamy?variant=47227415429379","#E3BC9A"
"Filaflex Foamy","Filaflex TPU","https://recreus.com/en-en/products/filaflex-foamy","Nude","https://recreus.com/en-en/products/filaflex-foamy?variant=47290335297795","#E3BC9A"
"Filaflex Foamy","Filaflex TPU","https://recreus.com/en-en/products/filaflex-foamy","Nude","https://recreus.com/en-en/products/filaflex-foamy?variant=47228330082563","#E3BC9A"
"Filaflex Foamy","Filaflex TPU","https://recreus.com/en-en/products/filaflex-foamy","Orange","https://recreus.com/en-en/products/filaflex-foamy?variant=47374677377283","#FF6B35"
"Filaflex Foamy","Filaflex TPU","https://recreus.com/en-en/products/filaflex-foamy","Orange","https://recreus.com/en-en/products/filaflex-foamy?variant=47374677410051","#FF6B35"
"Filaflex Foamy","Filaflex TPU","https://recreus.com/en-en/products/filaflex-foamy","Orange","https://recreus.com/en-en/products/filaflex-foamy?variant=47374677442819","#FF6B35"
"Filaflex Foamy","Filaflex TPU","https://recreus.com/en-en/products/filaflex-foamy","Orange","https://recreus.com/en-en/products/filaflex-foamy?variant=47374677475587","#FF6B35"
"PP3D","PP3D","https://recreus.com/en-en/products/pp-3d","Black","https://recreus.com/en-en/products/pp-3d?variant=45921627537667","#1C1C1C"
"PP3D","PP3D","https://recreus.com/en-en/products/pp-3d","Natural","https://recreus.com/en-en/products/pp-3d?variant=45921627603203","#F5F5DC"
"PP3D","PP3D","https://recreus.com/en-en/products/pp-3d","Black","https://recreus.com/en-en/products/pp-3d?variant=46611047645443","#1C1C1C"
"PP3D","PP3D","https://recreus.com/en-en/products/pp-3d","Natural","https://recreus.com/en-en/products/pp-3d?variant=46938883424515","#F5F5DC"
"Conductive Filaflex Pellet","Filaflex TPU","https://recreus.com/en-en/products/conductive-filaflex-pellet","Black","https://recreus.com/en-en/products/conductive-filaflex-pellet?variant=46774887842051","#1C1C1C"
"Conductive Filaflex Pellet","Filaflex TPU","https://recreus.com/en-en/products/conductive-filaflex-pellet","Black","https://recreus.com/en-en/products/conductive-filaflex-pellet?variant=46774919692547","#1C1C1C"
"Filaflex Foamy Footwearology edition","Filaflex TPU","https://recreus.com/en-en/products/filaflex-foamy-footwearology-edition","Oat","https://recreus.com/en-en/products/filaflex-foamy-footwearology-edition?variant=46281390260483",""
"Filaflex Foamy Footwearology edition","Filaflex TPU","https://recreus.com/en-en/products/filaflex-foamy-footwearology-edition","Oat","https://recreus.com/en-en/products/filaflex-foamy-footwearology-edition?variant=46281390457091",""
"Filaflex Foamy Footwearology edition","Filaflex TPU","https://recreus.com/en-en/products/filaflex-foamy-footwearology-edition","Oat","https://recreus.com/en-en/products/filaflex-foamy-footwearology-edition?variant=46281390358787",""
"Filaflex Foamy Footwearology edition","Filaflex TPU","https://recreus.com/en-en/products/filaflex-foamy-footwearology-edition","Oat","https://recreus.com/en-en/products/filaflex-foamy-footwearology-edition?variant=46281390555395",""
"Filaflex Foamy Footwearology edition","Filaflex TPU","https://recreus.com/en-en/products/filaflex-foamy-footwearology-edition","Mint","https://recreus.com/en-en/products/filaflex-foamy-footwearology-edition?variant=46281389998339",""
"Filaflex Foamy Footwearology edition","Filaflex TPU","https://recreus.com/en-en/products/filaflex-foamy-footwearology-edition","Mint","https://recreus.com/en-en/products/filaflex-foamy-footwearology-edition?variant=46281390129411",""
"Filaflex Foamy Footwearology edition","Filaflex TPU","https://recreus.com/en-en/products/filaflex-foamy-footwearology-edition","Mint","https://recreus.com/en-en/products/filaflex-foamy-footwearology-edition?variant=46281390063875",""
"Filaflex Foamy Footwearology edition","Filaflex TPU","https://recreus.com/en-en/products/filaflex-foamy-footwearology-edition","Mint","https://recreus.com/en-en/products/filaflex-foamy-footwearology-edition?variant=46281390194947",""
"Filaflex Foamy Footwearology edition","Filaflex TPU","https://recreus.com/en-en/products/filaflex-foamy-footwearology-edition","Azure","https://recreus.com/en-en/products/filaflex-foamy-footwearology-edition?variant=46281390031107",""
"Filaflex Foamy Footwearology edition","Filaflex TPU","https://recreus.com/en-en/products/filaflex-foamy-footwearology-edition","Azure","https://recreus.com/en-en/products/filaflex-foamy-footwearology-edition?variant=46281390162179",""
"Filaflex Foamy Footwearology edition","Filaflex TPU","https://recreus.com/en-en/products/filaflex-foamy-footwearology-edition","Azure","https://recreus.com/en-en/products/filaflex-foamy-footwearology-edition?variant=46281390096643",""
"Filaflex Foamy Footwearology edition","Filaflex TPU","https://recreus.com/en-en/products/filaflex-foamy-footwearology-edition","Azure","https://recreus.com/en-en/products/filaflex-foamy-footwearology-edition?variant=46281390227715",""
"Filaflex Foamy Footwearology edition","Filaflex TPU","https://recreus.com/en-en/products/filaflex-foamy-footwearology-edition","Lavender","https://recreus.com/en-en/products/filaflex-foamy-footwearology-edition?variant=46281390293251",""
"Filaflex Foamy Footwearology edition","Filaflex TPU","https://recreus.com/en-en/products/filaflex-foamy-footwearology-edition","Lavender","https://recreus.com/en-en/products/filaflex-foamy-footwearology-edition?variant=46281390489859",""
"Filaflex Foamy Footwearology edition","Filaflex TPU","https://recreus.com/en-en/products/filaflex-foamy-footwearology-edition","Lavender","https://recreus.com/en-en/products/filaflex-foamy-footwearology-edition?variant=46281390391555",""
"Filaflex Foamy Footwearology edition","Filaflex TPU","https://recreus.com/en-en/products/filaflex-foamy-footwearology-edition","Lavender","https://recreus.com/en-en/products/filaflex-foamy-footwearology-edition?variant=46281390588163",""
"Filaflex Foamy Footwearology edition","Filaflex TPU","https://recreus.com/en-en/products/filaflex-foamy-footwearology-edition","Dusk","https://recreus.com/en-en/products/filaflex-foamy-footwearology-edition?variant=46281390326019",""
"Filaflex Foamy Footwearology edition","Filaflex TPU","https://recreus.com/en-en/products/filaflex-foamy-footwearology-edition","Dusk","https://recreus.com/en-en/products/filaflex-foamy-footwearology-edition?variant=46281390522627",""
"Filaflex Foamy Footwearology edition","Filaflex TPU","https://recreus.com/en-en/products/filaflex-foamy-footwearology-edition","Dusk","https://recreus.com/en-en/products/filaflex-foamy-footwearology-edition?variant=46281390424323",""
"Filaflex Foamy Footwearology edition","Filaflex TPU","https://recreus.com/en-en/products/filaflex-foamy-footwearology-edition","Dusk","https://recreus.com/en-en/products/filaflex-foamy-footwearology-edition?variant=46281390620931",""
"Filaflex 95 Foamy Footwearology edition","Filaflex TPU","https://recreus.com/en-en/products/filaflex-95-foamy-footwearology-edition","Dusk","https://recreus.com/en-en/products/filaflex-95-foamy-footwearology-edition?variant=46280137572611",""
"Filaflex 95 Foamy Footwearology edition","Filaflex TPU","https://recreus.com/en-en/products/filaflex-95-foamy-footwearology-edition","Dusk","https://recreus.com/en-en/products/filaflex-95-foamy-footwearology-edition?variant=46280137638147",""
"Filaflex 95 Foamy Footwearology edition","Filaflex TPU","https://recreus.com/en-en/products/filaflex-95-foamy-footwearology-edition","Dusk","https://recreus.com/en-en/products/filaflex-95-foamy-footwearology-edition?variant=46280137605379",""
"Filaflex 95 Foamy Footwearology edition","Filaflex TPU","https://recreus.com/en-en/products/filaflex-95-foamy-footwearology-edition","Dusk","https://recreus.com/en-en/products/filaflex-95-foamy-footwearology-edition?variant=46280137670915",""
"Filaflex 95 Foamy Footwearology edition","Filaflex TPU","https://recreus.com/en-en/products/filaflex-95-foamy-footwearology-edition","Mint","https://recreus.com/en-en/products/filaflex-95-foamy-footwearology-edition?variant=46280137048323",""
"Filaflex 95 Foamy Footwearology edition","Filaflex TPU","https://recreus.com/en-en/products/filaflex-95-foamy-footwearology-edition","Mint","https://recreus.com/en-en/products/filaflex-95-foamy-footwearology-edition?variant=46280137310467",""
"Filaflex 95 Foamy Footwearology edition","Filaflex TPU","https://recreus.com/en-en/products/filaflex-95-foamy-footwearology-edition","Mint","https://recreus.com/en-en/products/filaflex-95-foamy-footwearology-edition?variant=46280137179395",""
"Filaflex 95 Foamy Footwearology edition","Filaflex TPU","https://recreus.com/en-en/products/filaflex-95-foamy-footwearology-edition","Mint","https://recreus.com/en-en/products/filaflex-95-foamy-footwearology-edition?variant=46280137441539",""
"Filaflex 95 Foamy Footwearology edition","Filaflex TPU","https://recreus.com/en-en/products/filaflex-95-foamy-footwearology-edition","Azure","https://recreus.com/en-en/products/filaflex-95-foamy-footwearology-edition?variant=46280137081091",""
"Filaflex 95 Foamy Footwearology edition","Filaflex TPU","https://recreus.com/en-en/products/filaflex-95-foamy-footwearology-edition","Azure","https://recreus.com/en-en/products/filaflex-95-foamy-footwearology-edition?variant=46280137343235",""
"Filaflex 95 Foamy Footwearology edition","Filaflex TPU","https://recreus.com/en-en/products/filaflex-95-foamy-footwearology-edition","Azure","https://recreus.com/en-en/products/filaflex-95-foamy-footwearology-edition?variant=46280137212163",""
"Filaflex 95 Foamy Footwearology edition","Filaflex TPU","https://recreus.com/en-en/products/filaflex-95-foamy-footwearology-edition","Azure","https://recreus.com/en-en/products/filaflex-95-foamy-footwearology-edition?variant=46280137474307",""
"Filaflex 95 Foamy Footwearology edition","Filaflex TPU","https://recreus.com/en-en/products/filaflex-95-foamy-footwearology-edition","Oat","https://recreus.com/en-en/products/filaflex-95-foamy-footwearology-edition?variant=46280137113859",""
"Filaflex 95 Foamy Footwearology edition","Filaflex TPU","https://recreus.com/en-en/products/filaflex-95-foamy-footwearology-edition","Oat","https://recreus.com/en-en/products/filaflex-95-foamy-footwearology-edition?variant=46280137376003",""
"Filaflex 95 Foamy Footwearology edition","Filaflex TPU","https://recreus.com/en-en/products/filaflex-95-foamy-footwearology-edition","Oat","https://recreus.com/en-en/products/filaflex-95-foamy-footwearology-edition?variant=46280137244931",""
"Filaflex 95 Foamy Footwearology edition","Filaflex TPU","https://recreus.com/en-en/products/filaflex-95-foamy-footwearology-edition","Oat","https://recreus.com/en-en/products/filaflex-95-foamy-footwearology-edition?variant=46280137507075",""
"Filaflex 95 Foamy Footwearology edition","Filaflex TPU","https://recreus.com/en-en/products/filaflex-95-foamy-footwearology-edition","Lavender","https://recreus.com/en-en/products/filaflex-95-foamy-footwearology-edition?variant=46280137146627",""
"Filaflex 95 Foamy Footwearology edition","Filaflex TPU","https://recreus.com/en-en/products/filaflex-95-foamy-footwearology-edition","Lavender","https://recreus.com/en-en/products/filaflex-95-foamy-footwearology-edition?variant=46280137408771",""
"Filaflex 95 Foamy Footwearology edition","Filaflex TPU","https://recreus.com/en-en/products/filaflex-95-foamy-footwearology-edition","Lavender","https://recreus.com/en-en/products/filaflex-95-foamy-footwearology-edition?variant=46280137277699",""
"Filaflex 95 Foamy Footwearology edition","Filaflex TPU","https://recreus.com/en-en/products/filaflex-95-foamy-footwearology-edition","Lavender","https://recreus.com/en-en/products/filaflex-95-foamy-footwearology-edition?variant=46280137539843",""
"Filaflex 82A Footwearology edition","Filaflex TPU","https://recreus.com/en-en/products/filaflex-82a-footwearology-edition","Mint","https://recreus.com/en-en/products/filaflex-82a-footwearology-edition?variant=46277709234435",""
"Filaflex 82A Footwearology edition","Filaflex TPU","https://recreus.com/en-en/products/filaflex-82a-footwearology-edition","Mint","https://recreus.com/en-en/products/filaflex-82a-footwearology-edition?variant=46277709824259",""
"Filaflex 82A Footwearology edition","Filaflex TPU","https://recreus.com/en-en/products/filaflex-82a-footwearology-edition","Mint","https://recreus.com/en-en/products/filaflex-82a-footwearology-edition?variant=46277709267203",""
"Filaflex 82A Footwearology edition","Filaflex TPU","https://recreus.com/en-en/products/filaflex-82a-footwearology-edition","Mint","https://recreus.com/en-en/products/filaflex-82a-footwearology-edition?variant=46277710315779",""
"Filaflex 82A Footwearology edition","Filaflex TPU","https://recreus.com/en-en/products/filaflex-82a-footwearology-edition","Azure","https://recreus.com/en-en/products/filaflex-82a-footwearology-edition?variant=46277709299971",""
"Filaflex 82A Footwearology edition","Filaflex TPU","https://recreus.com/en-en/products/filaflex-82a-footwearology-edition","Azure","https://recreus.com/en-en/products/filaflex-82a-footwearology-edition?variant=46277709857027",""
"Filaflex 82A Footwearology edition","Filaflex TPU","https://recreus.com/en-en/products/filaflex-82a-footwearology-edition","Oat","https://recreus.com/en-en/products/filaflex-82a-footwearology-edition?variant=46277709332739",""
"Filaflex 82A Footwearology edition","Filaflex TPU","https://recreus.com/en-en/products/filaflex-82a-footwearology-edition","Oat","https://recreus.com/en-en/products/filaflex-82a-footwearology-edition?variant=46277709889795",""
"Filaflex 82A Footwearology edition","Filaflex TPU","https://recreus.com/en-en/products/filaflex-82a-footwearology-edition","Oat","https://recreus.com/en-en/products/filaflex-82a-footwearology-edition?variant=46277709365507",""
"Filaflex 82A Footwearology edition","Filaflex TPU","https://recreus.com/en-en/products/filaflex-82a-footwearology-edition","Oat","https://recreus.com/en-en/products/filaflex-82a-footwearology-edition?variant=46277710348547",""
"Filaflex 82A Footwearology edition","Filaflex TPU","https://recreus.com/en-en/products/filaflex-82a-footwearology-edition","Lavender","https://recreus.com/en-en/products/filaflex-82a-footwearology-edition?variant=46277709398275",""
"Filaflex 82A Footwearology edition","Filaflex TPU","https://recreus.com/en-en/products/filaflex-82a-footwearology-edition","Lavender","https://recreus.com/en-en/products/filaflex-82a-footwearology-edition?variant=46277709922563",""
"Filaflex 82A Footwearology edition","Filaflex TPU","https://recreus.com/en-en/products/filaflex-82a-footwearology-edition","Lavender","https://recreus.com/en-en/products/filaflex-82a-footwearology-edition?variant=46277709431043",""
"Filaflex 82A Footwearology edition","Filaflex TPU","https://recreus.com/en-en/products/filaflex-82a-footwearology-edition","Lavender","https://recreus.com/en-en/products/filaflex-82a-footwearology-edition?variant=46277710381315",""
"Filaflex 82A Footwearology edition","Filaflex TPU","https://recreus.com/en-en/products/filaflex-82a-footwearology-edition","Dusk","https://recreus.com/en-en/products/filaflex-82a-footwearology-edition?variant=46277714247939",""
"Filaflex 82A Footwearology edition","Filaflex TPU","https://recreus.com/en-en/products/filaflex-82a-footwearology-edition","Dusk","https://recreus.com/en-en/products/filaflex-82a-footwearology-edition?variant=46277714280707",""
"Filaflex 82A Footwearology edition","Filaflex TPU","https://recreus.com/en-en/products/filaflex-82a-footwearology-edition","Dusk","https://recreus.com/en-en/products/filaflex-82a-footwearology-edition?variant=46277714313475",""
"Filaflex 82A Footwearology edition","Filaflex TPU","https://recreus.com/en-en/products/filaflex-82a-footwearology-edition","Dusk","https://recreus.com/en-en/products/filaflex-82a-footwearology-edition?variant=46277714346243",""
"Filaflex 82A Footwearology edition","Filaflex TPU","https://recreus.com/en-en/products/filaflex-82a-footwearology-edition","Azure","https://recreus.com/en-en/products/filaflex-82a-footwearology-edition?variant=46277716771075",""
"Filaflex 82A Footwearology edition","Filaflex TPU","https://recreus.com/en-en/products/filaflex-82a-footwearology-edition","Azure","https://recreus.com/en-en/products/filaflex-82a-footwearology-edition?variant=46277718409475",""
"Balena Filaflex","Filaflex TPU","https://recreus.com/en-en/products/balena-filaflex","Natural","https://recreus.com/en-en/products/balena-filaflex?variant=46238333010179","#F5F5DC"
"Balena Filaflex","Filaflex TPU","https://recreus.com/en-en/products/balena-filaflex","Black","https://recreus.com/en-en/products/balena-filaflex?variant=47070041407747","#1C1C1C"
"Filaflex 95 Foamy Pellet","Filaflex TPU","https://recreus.com/en-en/products/filaflex-95-foamy-pellet","Natural","https://recreus.com/en-en/products/filaflex-95-foamy-pellet?variant=45927603634435","#F5F5DC"
"Filaflex 95 Foamy Pellet","Filaflex TPU","https://recreus.com/en-en/products/filaflex-95-foamy-pellet","Nude","https://recreus.com/en-en/products/filaflex-95-foamy-pellet?variant=45927603667203","#E3BC9A"
"Filaflex 95 Foamy Pellet","Filaflex TPU","https://recreus.com/en-en/products/filaflex-95-foamy-pellet","Red","https://recreus.com/en-en/products/filaflex-95-foamy-pellet?variant=45927603699971","#C41E3A"
"Filaflex 95 Foamy Pellet","Filaflex TPU","https://recreus.com/en-en/products/filaflex-95-foamy-pellet","Black","https://recreus.com/en-en/products/filaflex-95-foamy-pellet?variant=45927603732739","#1C1C1C"
"Filaflex 95 Foamy Pellet","Filaflex TPU","https://recreus.com/en-en/products/filaflex-95-foamy-pellet","Natural","https://recreus.com/en-en/products/filaflex-95-foamy-pellet?variant=45927603765507","#F5F5DC"
"Filaflex 95 Foamy Pellet","Filaflex TPU","https://recreus.com/en-en/products/filaflex-95-foamy-pellet","Nude","https://recreus.com/en-en/products/filaflex-95-foamy-pellet?variant=45927603798275","#E3BC9A"
"Filaflex 95 Foamy Pellet","Filaflex TPU","https://recreus.com/en-en/products/filaflex-95-foamy-pellet","Red","https://recreus.com/en-en/products/filaflex-95-foamy-pellet?variant=45927603831043","#C41E3A"
"Filaflex 95 Foamy Pellet","Filaflex TPU","https://recreus.com/en-en/products/filaflex-95-foamy-pellet","Black","https://recreus.com/en-en/products/filaflex-95-foamy-pellet?variant=45927603863811","#1C1C1C"
"Filaflex 95 Foamy Pellet","Filaflex TPU","https://recreus.com/en-en/products/filaflex-95-foamy-pellet","Denim","https://recreus.com/en-en/products/filaflex-95-foamy-pellet?variant=45927603896579","#1560BD"
"Filaflex 95 Foamy Pellet","Filaflex TPU","https://recreus.com/en-en/products/filaflex-95-foamy-pellet","Denim","https://recreus.com/en-en/products/filaflex-95-foamy-pellet?variant=45927603929347","#1560BD"
"Filaflex Foamy Pellet","Filaflex TPU","https://recreus.com/en-en/products/filaflex-foamy-pellet","Black","https://recreus.com/en-en/products/filaflex-foamy-pellet?variant=45927596392707","#1C1C1C"
"Filaflex Foamy Pellet","Filaflex TPU","https://recreus.com/en-en/products/filaflex-foamy-pellet","Natural","https://recreus.com/en-en/products/filaflex-foamy-pellet?variant=45927596425475","#F5F5DC"
"Filaflex Foamy Pellet","Filaflex TPU","https://recreus.com/en-en/products/filaflex-foamy-pellet","Nude","https://recreus.com/en-en/products/filaflex-foamy-pellet?variant=45927596458243","#E3BC9A"
"Filaflex Foamy Pellet","Filaflex TPU","https://recreus.com/en-en/products/filaflex-foamy-pellet","Red","https://recreus.com/en-en/products/filaflex-foamy-pellet?variant=45927596491011","#C41E3A"
"Filaflex Foamy Pellet","Filaflex TPU","https://recreus.com/en-en/products/filaflex-foamy-pellet","Black","https://recreus.com/en-en/products/filaflex-foamy-pellet?variant=45927596523779","#1C1C1C"
"Filaflex Foamy Pellet","Filaflex TPU","https://recreus.com/en-en/products/filaflex-foamy-pellet","Natural","https://recreus.com/en-en/products/filaflex-foamy-pellet?variant=45927596556547","#F5F5DC"
"Filaflex Foamy Pellet","Filaflex TPU","https://recreus.com/en-en/products/filaflex-foamy-pellet","Nude","https://recreus.com/en-en/products/filaflex-foamy-pellet?variant=45927596589315","#E3BC9A"
"Filaflex Foamy Pellet","Filaflex TPU","https://recreus.com/en-en/products/filaflex-foamy-pellet","Red","https://recreus.com/en-en/products/filaflex-foamy-pellet?variant=45927596622083","#C41E3A"
"Filaflex Foamy Pellet","Filaflex TPU","https://recreus.com/en-en/products/filaflex-foamy-pellet","Denim","https://recreus.com/en-en/products/filaflex-foamy-pellet?variant=45927596654851","#1560BD"
"Filaflex Foamy Pellet","Filaflex TPU","https://recreus.com/en-en/products/filaflex-foamy-pellet","Denim","https://recreus.com/en-en/products/filaflex-foamy-pellet?variant=45927596687619","#1560BD"
"Filaflex Purifier Pellet","Filaflex TPU","https://recreus.com/en-en/products/filaflex-purifier-pellet","Mineral","https://recreus.com/en-en/products/filaflex-purifier-pellet?variant=45927589216515",""
"Filaflex Purifier Pellet","Filaflex TPU","https://recreus.com/en-en/products/filaflex-purifier-pellet","Mineral","https://recreus.com/en-en/products/filaflex-purifier-pellet?variant=45927589249283",""
"Filaflex SEBS Pellet","Filaflex TPU","https://recreus.com/en-en/products/filaflex-sebs-pellet","Black","https://recreus.com/en-en/products/filaflex-sebs-pellet?variant=45927587152131","#1C1C1C"
"Filaflex SEBS Pellet","Filaflex TPU","https://recreus.com/en-en/products/filaflex-sebs-pellet","Black","https://recreus.com/en-en/products/filaflex-sebs-pellet?variant=45927587119363","#1C1C1C"
"Filaflex SEBS Pellet","Filaflex TPU","https://recreus.com/en-en/products/filaflex-sebs-pellet","Natural","https://recreus.com/en-en/products/filaflex-sebs-pellet?variant=45927587184899","#F5F5DC"
"Filaflex SEBS Pellet","Filaflex TPU","https://recreus.com/en-en/products/filaflex-sebs-pellet","Natural","https://recreus.com/en-en/products/filaflex-sebs-pellet?variant=45927587217667","#F5F5DC"
"Filaflex 60A Pellet","Filaflex TPU","https://recreus.com/en-en/products/filaflex-60a-pellet","Black","https://recreus.com/en-en/products/filaflex-60a-pellet?variant=45927583351043","#1C1C1C"
"Filaflex 60A Pellet","Filaflex TPU","https://recreus.com/en-en/products/filaflex-60a-pellet","Black","https://recreus.com/en-en/products/filaflex-60a-pellet?variant=45927583187203","#1C1C1C"
"Filaflex 60A Pellet","Filaflex TPU","https://recreus.com/en-en/products/filaflex-60a-pellet","White","https://recreus.com/en-en/products/filaflex-60a-pellet?variant=45927583318275","#FFFFFF"
"Filaflex 60A Pellet","Filaflex TPU","https://recreus.com/en-en/products/filaflex-60a-pellet","White","https://recreus.com/en-en/products/filaflex-60a-pellet?variant=45927583219971","#FFFFFF"
"Filaflex 60A Pellet","Filaflex TPU","https://recreus.com/en-en/products/filaflex-60a-pellet","Nude","https://recreus.com/en-en/products/filaflex-60a-pellet?variant=45927583285507","#E3BC9A"
"Filaflex 60A Pellet","Filaflex TPU","https://recreus.com/en-en/products/filaflex-60a-pellet","Nude","https://recreus.com/en-en/products/filaflex-60a-pellet?variant=45927583252739","#E3BC9A"
"Filaflex 70A Pellet","Filaflex TPU","https://recreus.com/en-en/products/filaflex-70a-pellet","Transparent","https://recreus.com/en-en/products/filaflex-70a-pellet?variant=45927577092355","#FFFFFF"
"Filaflex 70A Pellet","Filaflex TPU","https://recreus.com/en-en/products/filaflex-70a-pellet","Black","https://recreus.com/en-en/products/filaflex-70a-pellet?variant=45927577125123","#1C1C1C"
"Filaflex 70A Pellet","Filaflex TPU","https://recreus.com/en-en/products/filaflex-70a-pellet","White","https://recreus.com/en-en/products/filaflex-70a-pellet?variant=45927577157891","#FFFFFF"
"Filaflex 70A Pellet","Filaflex TPU","https://recreus.com/en-en/products/filaflex-70a-pellet","Transparent","https://recreus.com/en-en/products/filaflex-70a-pellet?variant=45927577190659","#FFFFFF"
"Filaflex 70A Pellet","Filaflex TPU","https://recreus.com/en-en/products/filaflex-70a-pellet","Nude","https://recreus.com/en-en/products/filaflex-70a-pellet?variant=45927577223427","#E3BC9A"
"Filaflex 70A Pellet","Filaflex TPU","https://recreus.com/en-en/products/filaflex-70a-pellet","Red","https://recreus.com/en-en/products/filaflex-70a-pellet?variant=45927577256195","#C41E3A"
"Filaflex 70A Pellet","Filaflex TPU","https://recreus.com/en-en/products/filaflex-70a-pellet","Nude","https://recreus.com/en-en/products/filaflex-70a-pellet?variant=45927577288963","#E3BC9A"
"Filaflex 70A Pellet","Filaflex TPU","https://recreus.com/en-en/products/filaflex-70a-pellet","White","https://recreus.com/en-en/products/filaflex-70a-pellet?variant=45927577321731","#FFFFFF"
"Filaflex 70A Pellet","Filaflex TPU","https://recreus.com/en-en/products/filaflex-70a-pellet","Red","https://recreus.com/en-en/products/filaflex-70a-pellet?variant=45927577354499","#C41E3A"
"Filaflex 70A Pellet","Filaflex TPU","https://recreus.com/en-en/products/filaflex-70a-pellet","Black","https://recreus.com/en-en/products/filaflex-70a-pellet?variant=45927577420035","#1C1C1C"
"Filaflex 70A Pellet","Filaflex TPU","https://recreus.com/en-en/products/filaflex-70a-pellet","Navy blue","https://recreus.com/en-en/products/filaflex-70a-pellet?variant=45927577452803","#0066CC"
"Filaflex 70A Pellet","Filaflex TPU","https://recreus.com/en-en/products/filaflex-70a-pellet","Navy blue","https://recreus.com/en-en/products/filaflex-70a-pellet?variant=45927577485571","#0066CC"
"Reciflex Pellet","Filament","https://recreus.com/en-en/products/reciflex-pellet","Black","https://recreus.com/en-en/products/reciflex-pellet?variant=45927568900355","#1C1C1C"
"Reciflex Pellet","Filament","https://recreus.com/en-en/products/reciflex-pellet","Black","https://recreus.com/en-en/products/reciflex-pellet?variant=45927568867587","#1C1C1C"
"Filaflex 95A Pellet","Filaflex TPU","https://recreus.com/en-en/products/filaflex-95a-pellet","Transparent","https://recreus.com/en-en/products/filaflex-95a-pellet?variant=45927564050691","#FFFFFF"
"Filaflex 95A Pellet","Filaflex TPU","https://recreus.com/en-en/products/filaflex-95a-pellet","Blue","https://recreus.com/en-en/products/filaflex-95a-pellet?variant=45927564083459","#0066CC"
"Filaflex 95A Pellet","Filaflex TPU","https://recreus.com/en-en/products/filaflex-95a-pellet","Green","https://recreus.com/en-en/products/filaflex-95a-pellet?variant=45927564116227","#228B22"
"Filaflex 95A Pellet","Filaflex TPU","https://recreus.com/en-en/products/filaflex-95a-pellet","Fluoride","https://recreus.com/en-en/products/filaflex-95a-pellet?variant=45927564148995",""
"Filaflex 95A Pellet","Filaflex TPU","https://recreus.com/en-en/products/filaflex-95a-pellet","Black","https://recreus.com/en-en/products/filaflex-95a-pellet?variant=45927564181763","#1C1C1C"
"Filaflex 95A Pellet","Filaflex TPU","https://recreus.com/en-en/products/filaflex-95a-pellet","White","https://recreus.com/en-en/products/filaflex-95a-pellet?variant=45927564214531","#FFFFFF"
"Filaflex 95A Pellet","Filaflex TPU","https://recreus.com/en-en/products/filaflex-95a-pellet","Transparent","https://recreus.com/en-en/products/filaflex-95a-pellet?variant=45927564247299","#FFFFFF"
"Filaflex 95A Pellet","Filaflex TPU","https://recreus.com/en-en/products/filaflex-95a-pellet","Nude","https://recreus.com/en-en/products/filaflex-95a-pellet?variant=45927564280067","#E3BC9A"
"Filaflex 95A Pellet","Filaflex TPU","https://recreus.com/en-en/products/filaflex-95a-pellet","Red","https://recreus.com/en-en/products/filaflex-95a-pellet?variant=45927564312835","#C41E3A"
"Filaflex 95A Pellet","Filaflex TPU","https://recreus.com/en-en/products/filaflex-95a-pellet","Blue","https://recreus.com/en-en/products/filaflex-95a-pellet?variant=45927564345603","#0066CC"
"Filaflex 95A Pellet","Filaflex TPU","https://recreus.com/en-en/products/filaflex-95a-pellet","Green","https://recreus.com/en-en/products/filaflex-95a-pellet?variant=45927564378371","#228B22"
"Filaflex 95A Pellet","Filaflex TPU","https://recreus.com/en-en/products/filaflex-95a-pellet","Fluoride","https://recreus.com/en-en/products/filaflex-95a-pellet?variant=45927564411139",""
"Filaflex 95A Pellet","Filaflex TPU","https://recreus.com/en-en/products/filaflex-95a-pellet","Black","https://recreus.com/en-en/products/filaflex-95a-pellet?variant=45927564443907","#1C1C1C"
"Filaflex 95A Pellet","Filaflex TPU","https://recreus.com/en-en/products/filaflex-95a-pellet","Nude","https://recreus.com/en-en/products/filaflex-95a-pellet?variant=45927564476675","#E3BC9A"
"Filaflex 95A Pellet","Filaflex TPU","https://recreus.com/en-en/products/filaflex-95a-pellet","White","https://recreus.com/en-en/products/filaflex-95a-pellet?variant=45927564509443","#FFFFFF"
"Filaflex 95A Pellet","Filaflex TPU","https://recreus.com/en-en/products/filaflex-95a-pellet","Red","https://recreus.com/en-en/products/filaflex-95a-pellet?variant=45927564542211","#C41E3A"
"Filaflex 82A Pellet","Filaflex TPU","https://recreus.com/en-en/products/filaflex-82a-pellet-1","Black","https://recreus.com/en-en/products/filaflex-82a-pellet-1?variant=45927547076867","#1C1C1C"
"Filaflex 82A Pellet","Filaflex TPU","https://recreus.com/en-en/products/filaflex-82a-pellet-1","White","https://recreus.com/en-en/products/filaflex-82a-pellet-1?variant=45927547109635","#FFFFFF"
"Filaflex 82A Pellet","Filaflex TPU","https://recreus.com/en-en/products/filaflex-82a-pellet-1","Transparent","https://recreus.com/en-en/products/filaflex-82a-pellet-1?variant=45927547142403","#FFFFFF"
"Filaflex 82A Pellet","Filaflex TPU","https://recreus.com/en-en/products/filaflex-82a-pellet-1","Nude","https://recreus.com/en-en/products/filaflex-82a-pellet-1?variant=45927547175171","#E3BC9A"
"Filaflex 82A Pellet","Filaflex TPU","https://recreus.com/en-en/products/filaflex-82a-pellet-1","Red","https://recreus.com/en-en/products/filaflex-82a-pellet-1?variant=45927547207939","#C41E3A"
"Filaflex 82A Pellet","Filaflex TPU","https://recreus.com/en-en/products/filaflex-82a-pellet-1","Orange","https://recreus.com/en-en/products/filaflex-82a-pellet-1?variant=45927547240707","#FF6B35"
"Filaflex 82A Pellet","Filaflex TPU","https://recreus.com/en-en/products/filaflex-82a-pellet-1","Blue","https://recreus.com/en-en/products/filaflex-82a-pellet-1?variant=45927547273475","#0066CC"
"Filaflex 82A Pellet","Filaflex TPU","https://recreus.com/en-en/products/filaflex-82a-pellet-1","Green","https://recreus.com/en-en/products/filaflex-82a-pellet-1?variant=45927547306243","#228B22"
"Filaflex 82A Pellet","Filaflex TPU","https://recreus.com/en-en/products/filaflex-82a-pellet-1","Yellow","https://recreus.com/en-en/products/filaflex-82a-pellet-1?variant=45927547470083","#FFD700"
"Filaflex 82A Pellet","Filaflex TPU","https://recreus.com/en-en/products/filaflex-82a-pellet-1","Fluoride","https://recreus.com/en-en/products/filaflex-82a-pellet-1?variant=45927547535619",""
"Filaflex 82A Pellet","Filaflex TPU","https://recreus.com/en-en/products/filaflex-82a-pellet-1","Aqua","https://recreus.com/en-en/products/filaflex-82a-pellet-1?variant=45927547568387",""
"Filaflex 82A Pellet","Filaflex TPU","https://recreus.com/en-en/products/filaflex-82a-pellet-1","Magenta","https://recreus.com/en-en/products/filaflex-82a-pellet-1?variant=45927547601155",""
"Filaflex 82A Pellet","Filaflex TPU","https://recreus.com/en-en/products/filaflex-82a-pellet-1","Brown","https://recreus.com/en-en/products/filaflex-82a-pellet-1?variant=45927547633923",""
"Filaflex 82A Pellet","Filaflex TPU","https://recreus.com/en-en/products/filaflex-82a-pellet-1","Grey","https://recreus.com/en-en/products/filaflex-82a-pellet-1?variant=45927547666691","#808080"
"Filaflex 82A Pellet","Filaflex TPU","https://recreus.com/en-en/products/filaflex-82a-pellet-1","Black","https://recreus.com/en-en/products/filaflex-82a-pellet-1?variant=45927547699459","#1C1C1C"
"Filaflex 82A Pellet","Filaflex TPU","https://recreus.com/en-en/products/filaflex-82a-pellet-1","White","https://recreus.com/en-en/products/filaflex-82a-pellet-1?variant=45927547732227","#FFFFFF"
"Filaflex 82A Pellet","Filaflex TPU","https://recreus.com/en-en/products/filaflex-82a-pellet-1","Transparent","https://recreus.com/en-en/products/filaflex-82a-pellet-1?variant=45927547764995","#FFFFFF"
"Filaflex 82A Pellet","Filaflex TPU","https://recreus.com/en-en/products/filaflex-82a-pellet-1","Nude","https://recreus.com/en-en/products/filaflex-82a-pellet-1?variant=45927547797763","#E3BC9A"
"Filaflex 82A Pellet","Filaflex TPU","https://recreus.com/en-en/products/filaflex-82a-pellet-1","Red","https://recreus.com/en-en/products/filaflex-82a-pellet-1?variant=45927547830531","#C41E3A"
"Filaflex 82A Pellet","Filaflex TPU","https://recreus.com/en-en/products/filaflex-82a-pellet-1","Orange","https://recreus.com/en-en/products/filaflex-82a-pellet-1?variant=45927547863299","#FF6B35"
"Filaflex 82A Pellet","Filaflex TPU","https://recreus.com/en-en/products/filaflex-82a-pellet-1","Blue","https://recreus.com/en-en/products/filaflex-82a-pellet-1?variant=45927547896067","#0066CC"
"Filaflex 82A Pellet","Filaflex TPU","https://recreus.com/en-en/products/filaflex-82a-pellet-1","Green","https://recreus.com/en-en/products/filaflex-82a-pellet-1?variant=45927547928835","#228B22"
"Filaflex 82A Pellet","Filaflex TPU","https://recreus.com/en-en/products/filaflex-82a-pellet-1","Yellow","https://recreus.com/en-en/products/filaflex-82a-pellet-1?variant=45927547961603","#FFD700"
"Filaflex 82A Pellet","Filaflex TPU","https://recreus.com/en-en/products/filaflex-82a-pellet-1","Fluoride","https://recreus.com/en-en/products/filaflex-82a-pellet-1?variant=45927547994371",""
"Filaflex 82A Pellet","Filaflex TPU","https://recreus.com/en-en/products/filaflex-82a-pellet-1","Aqua","https://recreus.com/en-en/products/filaflex-82a-pellet-1?variant=45927548027139",""
"Filaflex 82A Pellet","Filaflex TPU","https://recreus.com/en-en/products/filaflex-82a-pellet-1","Magenta","https://recreus.com/en-en/products/filaflex-82a-pellet-1?variant=45927548059907",""
"Filaflex 82A Pellet","Filaflex TPU","https://recreus.com/en-en/products/filaflex-82a-pellet-1","Brown","https://recreus.com/en-en/products/filaflex-82a-pellet-1?variant=45927548092675",""
"Filaflex 82A Pellet","Filaflex TPU","https://recreus.com/en-en/products/filaflex-82a-pellet-1","Grey","https://recreus.com/en-en/products/filaflex-82a-pellet-1?variant=45927548125443","#808080"
"PP3D Primer","PP3D","https://recreus.com/en-en/products/pp3d-primer","Default Title","https://recreus.com/en-en/products/pp3d-primer?variant=45927536361731",""
"Filaflex 95 Foamy","Filaflex TPU","https://recreus.com/en-en/products/filaflex-95-foamy","Denim","https://recreus.com/en-en/products/filaflex-95-foamy?variant=45927535673603","#1560BD"
"Filaflex 95 Foamy","Filaflex TPU","https://recreus.com/en-en/products/filaflex-95-foamy","Denim","https://recreus.com/en-en/products/filaflex-95-foamy?variant=45927535739139","#1560BD"
"Filaflex 95 Foamy","Filaflex TPU","https://recreus.com/en-en/products/filaflex-95-foamy","Denim","https://recreus.com/en-en/products/filaflex-95-foamy?variant=45927535706371","#1560BD"
"Filaflex 95 Foamy","Filaflex TPU","https://recreus.com/en-en/products/filaflex-95-foamy","Denim","https://recreus.com/en-en/products/filaflex-95-foamy?variant=45927535771907","#1560BD"
"Filaflex 95 Foamy","Filaflex TPU","https://recreus.com/en-en/products/filaflex-95-foamy","Black","https://recreus.com/en-en/products/filaflex-95-foamy?variant=45927535116547","#1C1C1C"
"Filaflex 95 Foamy","Filaflex TPU","https://recreus.com/en-en/products/filaflex-95-foamy","Black","https://recreus.com/en-en/products/filaflex-95-foamy?variant=45927535411459","#1C1C1C"
"Filaflex 95 Foamy","Filaflex TPU","https://recreus.com/en-en/products/filaflex-95-foamy","Black","https://recreus.com/en-en/products/filaflex-95-foamy?variant=45927535280387","#1C1C1C"
"Filaflex 95 Foamy","Filaflex TPU","https://recreus.com/en-en/products/filaflex-95-foamy","Black","https://recreus.com/en-en/products/filaflex-95-foamy?variant=45927535542531","#1C1C1C"
"Filaflex 95 Foamy","Filaflex TPU","https://recreus.com/en-en/products/filaflex-95-foamy","Black","https://recreus.com/en-en/products/filaflex-95-foamy?variant=47418898153731","#1C1C1C"
"Filaflex 95 Foamy","Filaflex TPU","https://recreus.com/en-en/products/filaflex-95-foamy","Nude","https://recreus.com/en-en/products/filaflex-95-foamy?variant=45927535149315","#E3BC9A"
"Filaflex 95 Foamy","Filaflex TPU","https://recreus.com/en-en/products/filaflex-95-foamy","Nude","https://recreus.com/en-en/products/filaflex-95-foamy?variant=45927535444227","#E3BC9A"
"Filaflex 95 Foamy","Filaflex TPU","https://recreus.com/en-en/products/filaflex-95-foamy","Nude","https://recreus.com/en-en/products/filaflex-95-foamy?variant=45927535313155","#E3BC9A"
"Filaflex 95 Foamy","Filaflex TPU","https://recreus.com/en-en/products/filaflex-95-foamy","Nude","https://recreus.com/en-en/products/filaflex-95-foamy?variant=45927535575299","#E3BC9A"
"Filaflex 95 Foamy","Filaflex TPU","https://recreus.com/en-en/products/filaflex-95-foamy","Red","https://recreus.com/en-en/products/filaflex-95-foamy?variant=45927535214851","#C41E3A"
"Filaflex 95 Foamy","Filaflex TPU","https://recreus.com/en-en/products/filaflex-95-foamy","Red","https://recreus.com/en-en/products/filaflex-95-foamy?variant=45927535476995","#C41E3A"
"Filaflex 95 Foamy","Filaflex TPU","https://recreus.com/en-en/products/filaflex-95-foamy","Red","https://recreus.com/en-en/products/filaflex-95-foamy?variant=45927535345923","#C41E3A"
"Filaflex 95 Foamy","Filaflex TPU","https://recreus.com/en-en/products/filaflex-95-foamy","Red","https://recreus.com/en-en/products/filaflex-95-foamy?variant=45927535608067","#C41E3A"
"Filaflex 95 Foamy","Filaflex TPU","https://recreus.com/en-en/products/filaflex-95-foamy","Natural","https://recreus.com/en-en/products/filaflex-95-foamy?variant=45927535247619","#F5F5DC"
"Filaflex 95 Foamy","Filaflex TPU","https://recreus.com/en-en/products/filaflex-95-foamy","Natural","https://recreus.com/en-en/products/filaflex-95-foamy?variant=45927535509763","#F5F5DC"
"Filaflex 95 Foamy","Filaflex TPU","https://recreus.com/en-en/products/filaflex-95-foamy","Natural","https://recreus.com/en-en/products/filaflex-95-foamy?variant=45927535378691","#F5F5DC"
"Filaflex 95 Foamy","Filaflex TPU","https://recreus.com/en-en/products/filaflex-95-foamy","Natural","https://recreus.com/en-en/products/filaflex-95-foamy?variant=45927535640835","#F5F5DC"
"Filaflex 95 Foamy","Filaflex TPU","https://recreus.com/en-en/products/filaflex-95-foamy","Natural","https://recreus.com/en-en/products/filaflex-95-foamy?variant=47418898186499","#F5F5DC"
"Filaflex 95 Foamy","Filaflex TPU","https://recreus.com/en-en/products/filaflex-95-foamy","Orange","https://recreus.com/en-en/products/filaflex-95-foamy?variant=47374745010435","#FF6B35"
"Filaflex 95 Foamy","Filaflex TPU","https://recreus.com/en-en/products/filaflex-95-foamy","Orange","https://recreus.com/en-en/products/filaflex-95-foamy?variant=47374745043203","#FF6B35"
"Filaflex 95 Foamy","Filaflex TPU","https://recreus.com/en-en/products/filaflex-95-foamy","Orange","https://recreus.com/en-en/products/filaflex-95-foamy?variant=47374745075971","#FF6B35"
"Filaflex 95 Foamy","Filaflex TPU","https://recreus.com/en-en/products/filaflex-95-foamy","Orange","https://recreus.com/en-en/products/filaflex-95-foamy?variant=47374745108739","#FF6B35"
"Filaflex SEBS","Filaflex TPU","https://recreus.com/en-en/products/filaflex-sebs","Black","https://recreus.com/en-en/products/filaflex-sebs?variant=45927397032195","#1C1C1C"
"Filaflex SEBS","Filaflex TPU","https://recreus.com/en-en/products/filaflex-sebs","Natural","https://recreus.com/en-en/products/filaflex-sebs?variant=45927397064963","#F5F5DC"
"Filaflex SEBS","Filaflex TPU","https://recreus.com/en-en/products/filaflex-sebs","Black","https://recreus.com/en-en/products/filaflex-sebs?variant=45927397097731","#1C1C1C"
"Filaflex SEBS","Filaflex TPU","https://recreus.com/en-en/products/filaflex-sebs","Natural","https://recreus.com/en-en/products/filaflex-sebs?variant=45927397130499","#F5F5DC"
"Filaflex SEBS","Filaflex TPU","https://recreus.com/en-en/products/filaflex-sebs","Black","https://recreus.com/en-en/products/filaflex-sebs?variant=45927397163267","#1C1C1C"
"Filaflex SEBS","Filaflex TPU","https://recreus.com/en-en/products/filaflex-sebs","Natural","https://recreus.com/en-en/products/filaflex-sebs?variant=45927397196035","#F5F5DC"
"Filaflex SEBS","Filaflex TPU","https://recreus.com/en-en/products/filaflex-sebs","Black","https://recreus.com/en-en/products/filaflex-sebs?variant=45927397228803","#1C1C1C"
"Filaflex SEBS","Filaflex TPU","https://recreus.com/en-en/products/filaflex-sebs","Natural","https://recreus.com/en-en/products/filaflex-sebs?variant=45927397261571","#F5F5DC"
"PLA-LW","PLA","https://recreus.com/en-en/products/pla-lw","Natural","https://recreus.com/en-en/products/pla-lw?variant=45927389626627","#F5F5DC"
"PLA-LW","PLA","https://recreus.com/en-en/products/pla-lw","Black","https://recreus.com/en-en/products/pla-lw?variant=45927389659395","#1C1C1C"
"PLA-LW","PLA","https://recreus.com/en-en/products/pla-lw","Natural","https://recreus.com/en-en/products/pla-lw?variant=45927389692163","#F5F5DC"
"PLA-LW","PLA","https://recreus.com/en-en/products/pla-lw","Black","https://recreus.com/en-en/products/pla-lw?variant=45927389724931","#1C1C1C"
"PET-G CF","PETG","https://recreus.com/en-en/products/petg-cf","Carbon","https://recreus.com/en-en/products/petg-cf?variant=45927383073027",""
"PET-G CF","PETG","https://recreus.com/en-en/products/petg-cf","Carbon","https://recreus.com/en-en/products/petg-cf?variant=45927383105795",""
"PLA Purifier","PLA","https://recreus.com/en-en/products/pla-purifier","Mineral","https://recreus.com/en-en/products/pla-purifier?variant=45927381139715",""
"PLA Purifier","PLA","https://recreus.com/en-en/products/pla-purifier","Mineral","https://recreus.com/en-en/products/pla-purifier?variant=45927381074179",""
"PLA Purifier","PLA","https://recreus.com/en-en/products/pla-purifier","Mineral","https://recreus.com/en-en/products/pla-purifier?variant=45927381172483",""
"PLA Purifier","PLA","https://recreus.com/en-en/products/pla-purifier","Mineral","https://recreus.com/en-en/products/pla-purifier?variant=45927381106947",""
"Filaflex Purifier","Filaflex TPU","https://recreus.com/en-en/products/filaflex-purifier","Mineral","https://recreus.com/en-en/products/filaflex-purifier?variant=45927379730691",""
"Filaflex Purifier","Filaflex TPU","https://recreus.com/en-en/products/filaflex-purifier","Mineral","https://recreus.com/en-en/products/filaflex-purifier?variant=45927379763459",""
"Filaflex Purifier","Filaflex TPU","https://recreus.com/en-en/products/filaflex-purifier","Mineral","https://recreus.com/en-en/products/filaflex-purifier?variant=45927379796227",""
"Filaflex Purifier","Filaflex TPU","https://recreus.com/en-en/products/filaflex-purifier","Mineral","https://recreus.com/en-en/products/filaflex-purifier?variant=45927379828995",""
"Filaflex 82A","Filaflex TPU","https://recreus.com/en-en/products/filaflex-82a","Black","https://recreus.com/en-en/products/filaflex-82a?variant=45921644577027","#1C1C1C"
"Filaflex 82A","Filaflex TPU","https://recreus.com/en-en/products/filaflex-82a","Black","https://recreus.com/en-en/products/filaflex-82a?variant=45921645527299","#1C1C1C"
"Filaflex 82A","Filaflex TPU","https://recreus.com/en-en/products/filaflex-82a","Black","https://recreus.com/en-en/products/filaflex-82a?variant=45921644609795","#1C1C1C"
"Filaflex 82A","Filaflex TPU","https://recreus.com/en-en/products/filaflex-82a","Black","https://recreus.com/en-en/products/filaflex-82a?variant=45921646018819","#1C1C1C"
"Filaflex 82A","Filaflex TPU","https://recreus.com/en-en/products/filaflex-82a","Black","https://recreus.com/en-en/products/filaflex-82a?variant=47418505953539","#1C1C1C"
"Filaflex 82A","Filaflex TPU","https://recreus.com/en-en/products/filaflex-82a","White","https://recreus.com/en-en/products/filaflex-82a?variant=45921644642563","#FFFFFF"
"Filaflex 82A","Filaflex TPU","https://recreus.com/en-en/products/filaflex-82a","White","https://recreus.com/en-en/products/filaflex-82a?variant=45921645560067","#FFFFFF"
"Filaflex 82A","Filaflex TPU","https://recreus.com/en-en/products/filaflex-82a","White","https://recreus.com/en-en/products/filaflex-82a?variant=45921644675331","#FFFFFF"
"Filaflex 82A","Filaflex TPU","https://recreus.com/en-en/products/filaflex-82a","White","https://recreus.com/en-en/products/filaflex-82a?variant=45921646051587","#FFFFFF"
"Filaflex 82A","Filaflex TPU","https://recreus.com/en-en/products/filaflex-82a","White","https://recreus.com/en-en/products/filaflex-82a?variant=47418506117379","#FFFFFF"
"Filaflex 82A","Filaflex TPU","https://recreus.com/en-en/products/filaflex-82a","Transparent","https://recreus.com/en-en/products/filaflex-82a?variant=45921644708099","#FFFFFF"
"Filaflex 82A","Filaflex TPU","https://recreus.com/en-en/products/filaflex-82a","Transparent","https://recreus.com/en-en/products/filaflex-82a?variant=45921645592835","#FFFFFF"
"Filaflex 82A","Filaflex TPU","https://recreus.com/en-en/products/filaflex-82a","Transparent","https://recreus.com/en-en/products/filaflex-82a?variant=45921644740867","#FFFFFF"
"Filaflex 82A","Filaflex TPU","https://recreus.com/en-en/products/filaflex-82a","Transparent","https://recreus.com/en-en/products/filaflex-82a?variant=45921646084355","#FFFFFF"
"Filaflex 82A","Filaflex TPU","https://recreus.com/en-en/products/filaflex-82a","Nude","https://recreus.com/en-en/products/filaflex-82a?variant=45921644773635","#E3BC9A"
"Filaflex 82A","Filaflex TPU","https://recreus.com/en-en/products/filaflex-82a","Nude","https://recreus.com/en-en/products/filaflex-82a?variant=45921645625603","#E3BC9A"
"Filaflex 82A","Filaflex TPU","https://recreus.com/en-en/products/filaflex-82a","Nude","https://recreus.com/en-en/products/filaflex-82a?variant=45921644806403","#E3BC9A"
"Filaflex 82A","Filaflex TPU","https://recreus.com/en-en/products/filaflex-82a","Nude","https://recreus.com/en-en/products/filaflex-82a?variant=45921646117123","#E3BC9A"
"Filaflex 82A","Filaflex TPU","https://recreus.com/en-en/products/filaflex-82a","Red","https://recreus.com/en-en/products/filaflex-82a?variant=45921644839171","#C41E3A"
"Filaflex 82A","Filaflex TPU","https://recreus.com/en-en/products/filaflex-82a","Red","https://recreus.com/en-en/products/filaflex-82a?variant=45921645658371","#C41E3A"
"Filaflex 82A","Filaflex TPU","https://recreus.com/en-en/products/filaflex-82a","Red","https://recreus.com/en-en/products/filaflex-82a?variant=45921644871939","#C41E3A"
"Filaflex 82A","Filaflex TPU","https://recreus.com/en-en/products/filaflex-82a","Red","https://recreus.com/en-en/products/filaflex-82a?variant=45921646149891","#C41E3A"
"Filaflex 82A","Filaflex TPU","https://recreus.com/en-en/products/filaflex-82a","Blue","https://recreus.com/en-en/products/filaflex-82a?variant=45921644904707","#0066CC"
"Filaflex 82A","Filaflex TPU","https://recreus.com/en-en/products/filaflex-82a","Blue","https://recreus.com/en-en/products/filaflex-82a?variant=45921645691139","#0066CC"
"Filaflex 82A","Filaflex TPU","https://recreus.com/en-en/products/filaflex-82a","Blue","https://recreus.com/en-en/products/filaflex-82a?variant=45921644937475","#0066CC"
"Filaflex 82A","Filaflex TPU","https://recreus.com/en-en/products/filaflex-82a","Blue","https://recreus.com/en-en/products/filaflex-82a?variant=45921646182659","#0066CC"
"Filaflex 82A","Filaflex TPU","https://recreus.com/en-en/products/filaflex-82a","Blue Food Grade","https://recreus.com/en-en/products/filaflex-82a?variant=47308902760707","#0066CC"
"Filaflex 82A","Filaflex TPU","https://recreus.com/en-en/products/filaflex-82a","Blue Food Grade","https://recreus.com/en-en/products/filaflex-82a?variant=47308902826243","#0066CC"
"Filaflex 82A","Filaflex TPU","https://recreus.com/en-en/products/filaflex-82a","Blue Food Grade","https://recreus.com/en-en/products/filaflex-82a?variant=47308902793475","#0066CC"
"Filaflex 82A","Filaflex TPU","https://recreus.com/en-en/products/filaflex-82a","Blue Food Grade","https://recreus.com/en-en/products/filaflex-82a?variant=47308902859011","#0066CC"
"Filaflex 82A","Filaflex TPU","https://recreus.com/en-en/products/filaflex-82a","Green","https://recreus.com/en-en/products/filaflex-82a?variant=45921644970243","#228B22"
"Filaflex 82A","Filaflex TPU","https://recreus.com/en-en/products/filaflex-82a","Green","https://recreus.com/en-en/products/filaflex-82a?variant=45921645723907","#228B22"
"Filaflex 82A","Filaflex TPU","https://recreus.com/en-en/products/filaflex-82a","Green","https://recreus.com/en-en/products/filaflex-82a?variant=45921645003011","#228B22"
"Filaflex 82A","Filaflex TPU","https://recreus.com/en-en/products/filaflex-82a","Green","https://recreus.com/en-en/products/filaflex-82a?variant=45921646215427","#228B22"
"Filaflex 82A","Filaflex TPU","https://recreus.com/en-en/products/filaflex-82a","Yellow","https://recreus.com/en-en/products/filaflex-82a?variant=45921645035779","#FFD700"
"Filaflex 82A","Filaflex TPU","https://recreus.com/en-en/products/filaflex-82a","Yellow","https://recreus.com/en-en/products/filaflex-82a?variant=45921645756675","#FFD700"
"Filaflex 82A","Filaflex TPU","https://recreus.com/en-en/products/filaflex-82a","Yellow","https://recreus.com/en-en/products/filaflex-82a?variant=45921645068547","#FFD700"
"Filaflex 82A","Filaflex TPU","https://recreus.com/en-en/products/filaflex-82a","Yellow","https://recreus.com/en-en/products/filaflex-82a?variant=45921646248195","#FFD700"
"Filaflex 82A","Filaflex TPU","https://recreus.com/en-en/products/filaflex-82a","Orange","https://recreus.com/en-en/products/filaflex-82a?variant=45921645101315","#FF6B35"
"Filaflex 82A","Filaflex TPU","https://recreus.com/en-en/products/filaflex-82a","Orange","https://recreus.com/en-en/products/filaflex-82a?variant=45921645789443","#FF6B35"
"Filaflex 82A","Filaflex TPU","https://recreus.com/en-en/products/filaflex-82a","Orange","https://recreus.com/en-en/products/filaflex-82a?variant=45921645134083","#FF6B35"
"Filaflex 82A","Filaflex TPU","https://recreus.com/en-en/products/filaflex-82a","Orange","https://recreus.com/en-en/products/filaflex-82a?variant=45921646280963","#FF6B35"
"Filaflex 82A","Filaflex TPU","https://recreus.com/en-en/products/filaflex-82a","Magenta","https://recreus.com/en-en/products/filaflex-82a?variant=45921645166851",""
"Filaflex 82A","Filaflex TPU","https://recreus.com/en-en/products/filaflex-82a","Magenta","https://recreus.com/en-en/products/filaflex-82a?variant=45921645822211",""
"Filaflex 82A","Filaflex TPU","https://recreus.com/en-en/products/filaflex-82a","Magenta","https://recreus.com/en-en/products/filaflex-82a?variant=45921645199619",""
"Filaflex 82A","Filaflex TPU","https://recreus.com/en-en/products/filaflex-82a","Magenta","https://recreus.com/en-en/products/filaflex-82a?variant=45921646313731",""
"Filaflex 82A","Filaflex TPU","https://recreus.com/en-en/products/filaflex-82a","Aqua","https://recreus.com/en-en/products/filaflex-82a?variant=45921645232387",""
"Filaflex 82A","Filaflex TPU","https://recreus.com/en-en/products/filaflex-82a","Aqua","https://recreus.com/en-en/products/filaflex-82a?variant=45921645854979",""
"Filaflex 82A","Filaflex TPU","https://recreus.com/en-en/products/filaflex-82a","Aqua","https://recreus.com/en-en/products/filaflex-82a?variant=45921645265155",""
"Filaflex 82A","Filaflex TPU","https://recreus.com/en-en/products/filaflex-82a","Aqua","https://recreus.com/en-en/products/filaflex-82a?variant=45921646346499",""
"Filaflex 82A","Filaflex TPU","https://recreus.com/en-en/products/filaflex-82a","Fluor","https://recreus.com/en-en/products/filaflex-82a?variant=45921645297923",""
"Filaflex 82A","Filaflex TPU","https://recreus.com/en-en/products/filaflex-82a","Fluor","https://recreus.com/en-en/products/filaflex-82a?variant=45921645887747",""
"Filaflex 82A","Filaflex TPU","https://recreus.com/en-en/products/filaflex-82a","Fluor","https://recreus.com/en-en/products/filaflex-82a?variant=45921645330691",""
"Filaflex 82A","Filaflex TPU","https://recreus.com/en-en/products/filaflex-82a","Fluor","https://recreus.com/en-en/products/filaflex-82a?variant=45921646412035",""
"Filaflex 82A","Filaflex TPU","https://recreus.com/en-en/products/filaflex-82a","Brown","https://recreus.com/en-en/products/filaflex-82a?variant=45921645363459",""
"Filaflex 82A","Filaflex TPU","https://recreus.com/en-en/products/filaflex-82a","Brown","https://recreus.com/en-en/products/filaflex-82a?variant=45921645920515",""
"Filaflex 82A","Filaflex TPU","https://recreus.com/en-en/products/filaflex-82a","Grey","https://recreus.com/en-en/products/filaflex-82a?variant=45921645396227","#808080"
"Filaflex 82A","Filaflex TPU","https://recreus.com/en-en/products/filaflex-82a","Grey","https://recreus.com/en-en/products/filaflex-82a?variant=45921645953283","#808080"
"Filaflex 82A","Filaflex TPU","https://recreus.com/en-en/products/filaflex-82a","Grey","https://recreus.com/en-en/products/filaflex-82a?variant=45921645428995","#808080"
"Filaflex 82A","Filaflex TPU","https://recreus.com/en-en/products/filaflex-82a","Grey","https://recreus.com/en-en/products/filaflex-82a?variant=45921646444803","#808080"
"Filaflex 82A","Filaflex TPU","https://recreus.com/en-en/products/filaflex-82a","Gold","https://recreus.com/en-en/products/filaflex-82a?variant=45921645461763","#FFD700"
"Filaflex 82A","Filaflex TPU","https://recreus.com/en-en/products/filaflex-82a","Gold","https://recreus.com/en-en/products/filaflex-82a?variant=45921645986051","#FFD700"
"Filaflex 82A","Filaflex TPU","https://recreus.com/en-en/products/filaflex-82a","Gold","https://recreus.com/en-en/products/filaflex-82a?variant=45921645494531","#FFD700"
"Filaflex 82A","Filaflex TPU","https://recreus.com/en-en/products/filaflex-82a","Gold","https://recreus.com/en-en/products/filaflex-82a?variant=45921646477571","#FFD700"
"PET-G HF","Filament","https://recreus.com/en-en/products/pet-g","Black","https://recreus.com/en-en/products/pet-g?variant=45921639137539","#1C1C1C"
"PET-G HF","Filament","https://recreus.com/en-en/products/pet-g","Black","https://recreus.com/en-en/products/pet-g?variant=45921639170307","#1C1C1C"
"PET-G HF","Filament","https://recreus.com/en-en/products/pet-g","White","https://recreus.com/en-en/products/pet-g?variant=45921639203075","#FFFFFF"
"PET-G HF","Filament","https://recreus.com/en-en/products/pet-g","White","https://recreus.com/en-en/products/pet-g?variant=45921639235843","#FFFFFF"
"PET-G HF","Filament","https://recreus.com/en-en/products/pet-g","Transparent","https://recreus.com/en-en/products/pet-g?variant=45921639268611","#FFFFFF"
"PET-G HF","Filament","https://recreus.com/en-en/products/pet-g","Transparent","https://recreus.com/en-en/products/pet-g?variant=45921639301379","#FFFFFF"
"PET-G HF","Filament","https://recreus.com/en-en/products/pet-g","Nude","https://recreus.com/en-en/products/pet-g?variant=45921639334147","#E3BC9A"
"PET-G HF","Filament","https://recreus.com/en-en/products/pet-g","Nude","https://recreus.com/en-en/products/pet-g?variant=45921639366915","#E3BC9A"
"PET-G HF","Filament","https://recreus.com/en-en/products/pet-g","Red","https://recreus.com/en-en/products/pet-g?variant=45921639399683","#C41E3A"
"PET-G HF","Filament","https://recreus.com/en-en/products/pet-g","Red","https://recreus.com/en-en/products/pet-g?variant=45921639432451","#C41E3A"
"PET-G HF","Filament","https://recreus.com/en-en/products/pet-g","Navy blue","https://recreus.com/en-en/products/pet-g?variant=45921639465219","#0066CC"
"PET-G HF","Filament","https://recreus.com/en-en/products/pet-g","Navy blue","https://recreus.com/en-en/products/pet-g?variant=45921639497987","#0066CC"
"PET-G HF","Filament","https://recreus.com/en-en/products/pet-g","Metallic green","https://recreus.com/en-en/products/pet-g?variant=45921639530755","#228B22"
"PET-G HF","Filament","https://recreus.com/en-en/products/pet-g","Metallic green","https://recreus.com/en-en/products/pet-g?variant=45921639563523","#228B22"
"PET-G HF","Filament","https://recreus.com/en-en/products/pet-g","Damantium blue","https://recreus.com/en-en/products/pet-g?variant=45921639596291","#0066CC"
"PET-G HF","Filament","https://recreus.com/en-en/products/pet-g","Damantium blue","https://recreus.com/en-en/products/pet-g?variant=45921639629059","#0066CC"
"PET-G HF","Filament","https://recreus.com/en-en/products/pet-g","Copper gum","https://recreus.com/en-en/products/pet-g?variant=45921639661827",""
"PET-G HF","Filament","https://recreus.com/en-en/products/pet-g","Blue Food Grade","https://recreus.com/en-en/products/pet-g?variant=47540712046851","#0066CC"
"PET-G HF","Filament","https://recreus.com/en-en/products/pet-g","Copper gum","https://recreus.com/en-en/products/pet-g?variant=45921639694595",""
"PET-G HF","Filament","https://recreus.com/en-en/products/pet-g","Black","https://recreus.com/en-en/products/pet-g?variant=45921639727363","#1C1C1C"
"PET-G HF","Filament","https://recreus.com/en-en/products/pet-g","Black","https://recreus.com/en-en/products/pet-g?variant=45921639760131","#1C1C1C"
"PET-G HF","Filament","https://recreus.com/en-en/products/pet-g","White","https://recreus.com/en-en/products/pet-g?variant=45921639792899","#FFFFFF"
"PET-G HF","Filament","https://recreus.com/en-en/products/pet-g","White","https://recreus.com/en-en/products/pet-g?variant=45921639825667","#FFFFFF"
"PET-G HF","Filament","https://recreus.com/en-en/products/pet-g","Transparent","https://recreus.com/en-en/products/pet-g?variant=45921639858435","#FFFFFF"
"PET-G HF","Filament","https://recreus.com/en-en/products/pet-g","Transparent","https://recreus.com/en-en/products/pet-g?variant=45921639891203","#FFFFFF"
"PET-G HF","Filament","https://recreus.com/en-en/products/pet-g","Nude","https://recreus.com/en-en/products/pet-g?variant=45921639923971","#E3BC9A"
"PET-G HF","Filament","https://recreus.com/en-en/products/pet-g","Nude","https://recreus.com/en-en/products/pet-g?variant=45921639956739","#E3BC9A"
"PET-G HF","Filament","https://recreus.com/en-en/products/pet-g","Red","https://recreus.com/en-en/products/pet-g?variant=45921639989507","#C41E3A"
"PET-G HF","Filament","https://recreus.com/en-en/products/pet-g","Red","https://recreus.com/en-en/products/pet-g?variant=45921640022275","#C41E3A"
"PET-G HF","Filament","https://recreus.com/en-en/products/pet-g","Navy blue","https://recreus.com/en-en/products/pet-g?variant=45921640055043","#0066CC"
"PET-G HF","Filament","https://recreus.com/en-en/products/pet-g","Navy blue","https://recreus.com/en-en/products/pet-g?variant=45921640087811","#0066CC"
"PET-G HF","Filament","https://recreus.com/en-en/products/pet-g","Metallic green","https://recreus.com/en-en/products/pet-g?variant=45921640120579","#228B22"
"PET-G HF","Filament","https://recreus.com/en-en/products/pet-g","Metallic green","https://recreus.com/en-en/products/pet-g?variant=45921640153347","#228B22"
"PET-G HF","Filament","https://recreus.com/en-en/products/pet-g","Damantium blue","https://recreus.com/en-en/products/pet-g?variant=45921640186115","#0066CC"
"PET-G HF","Filament","https://recreus.com/en-en/products/pet-g","Damantium blue","https://recreus.com/en-en/products/pet-g?variant=45921640218883","#0066CC"
"PET-G HF","Filament","https://recreus.com/en-en/products/pet-g","Copper gum","https://recreus.com/en-en/products/pet-g?variant=45921640251651",""
"PET-G HF","Filament","https://recreus.com/en-en/products/pet-g","Blue Food Grade","https://recreus.com/en-en/products/pet-g?variant=47540712112387","#0066CC"
"PET-G HF","Filament","https://recreus.com/en-en/products/pet-g","Copper gum","https://recreus.com/en-en/products/pet-g?variant=45921640284419",""
"Filaflex 95A","Filaflex TPU","https://recreus.com/en-en/products/filaflex-95a","Black","https://recreus.com/en-en/products/filaflex-95a?variant=45921633566979","#1C1C1C"
"Filaflex 95A","Filaflex TPU","https://recreus.com/en-en/products/filaflex-95a","Black","https://recreus.com/en-en/products/filaflex-95a?variant=45921634091267","#1C1C1C"
"Filaflex 95A","Filaflex TPU","https://recreus.com/en-en/products/filaflex-95a","Black","https://recreus.com/en-en/products/filaflex-95a?variant=45921633599747","#1C1C1C"
"Filaflex 95A","Filaflex TPU","https://recreus.com/en-en/products/filaflex-95a","Black","https://recreus.com/en-en/products/filaflex-95a?variant=45921634124035","#1C1C1C"
"Filaflex 95A","Filaflex TPU","https://recreus.com/en-en/products/filaflex-95a","Black","https://recreus.com/en-en/products/filaflex-95a?variant=47418579452163","#1C1C1C"
"Filaflex 95A","Filaflex TPU","https://recreus.com/en-en/products/filaflex-95a","White","https://recreus.com/en-en/products/filaflex-95a?variant=45921633632515","#FFFFFF"
"Filaflex 95A","Filaflex TPU","https://recreus.com/en-en/products/filaflex-95a","White","https://recreus.com/en-en/products/filaflex-95a?variant=45921634156803","#FFFFFF"
"Filaflex 95A","Filaflex TPU","https://recreus.com/en-en/products/filaflex-95a","White","https://recreus.com/en-en/products/filaflex-95a?variant=45921633665283","#FFFFFF"
"Filaflex 95A","Filaflex TPU","https://recreus.com/en-en/products/filaflex-95a","White","https://recreus.com/en-en/products/filaflex-95a?variant=45921634189571","#FFFFFF"
"Filaflex 95A","Filaflex TPU","https://recreus.com/en-en/products/filaflex-95a","White","https://recreus.com/en-en/products/filaflex-95a?variant=47418579484931","#FFFFFF"
"Filaflex 95A","Filaflex TPU","https://recreus.com/en-en/products/filaflex-95a","Transparent","https://recreus.com/en-en/products/filaflex-95a?variant=45921633698051","#FFFFFF"
"Filaflex 95A","Filaflex TPU","https://recreus.com/en-en/products/filaflex-95a","Transparent","https://recreus.com/en-en/products/filaflex-95a?variant=45921634222339","#FFFFFF"
"Filaflex 95A","Filaflex TPU","https://recreus.com/en-en/products/filaflex-95a","Transparent","https://recreus.com/en-en/products/filaflex-95a?variant=45921633730819","#FFFFFF"
"Filaflex 95A","Filaflex TPU","https://recreus.com/en-en/products/filaflex-95a","Transparent","https://recreus.com/en-en/products/filaflex-95a?variant=45921634255107","#FFFFFF"
"Filaflex 95A","Filaflex TPU","https://recreus.com/en-en/products/filaflex-95a","Nude","https://recreus.com/en-en/products/filaflex-95a?variant=45921633763587","#E3BC9A"
"Filaflex 95A","Filaflex TPU","https://recreus.com/en-en/products/filaflex-95a","Nude","https://recreus.com/en-en/products/filaflex-95a?variant=45921634287875","#E3BC9A"
"Filaflex 95A","Filaflex TPU","https://recreus.com/en-en/products/filaflex-95a","Nude","https://recreus.com/en-en/products/filaflex-95a?variant=45921633796355","#E3BC9A"
"Filaflex 95A","Filaflex TPU","https://recreus.com/en-en/products/filaflex-95a","Nude","https://recreus.com/en-en/products/filaflex-95a?variant=45921634320643","#E3BC9A"
"Filaflex 95A","Filaflex TPU","https://recreus.com/en-en/products/filaflex-95a","Red","https://recreus.com/en-en/products/filaflex-95a?variant=45921633829123","#C41E3A"
"Filaflex 95A","Filaflex TPU","https://recreus.com/en-en/products/filaflex-95a","Red","https://recreus.com/en-en/products/filaflex-95a?variant=45921634353411","#C41E3A"
"Filaflex 95A","Filaflex TPU","https://recreus.com/en-en/products/filaflex-95a","Red","https://recreus.com/en-en/products/filaflex-95a?variant=45921633861891","#C41E3A"
"Filaflex 95A","Filaflex TPU","https://recreus.com/en-en/products/filaflex-95a","Red","https://recreus.com/en-en/products/filaflex-95a?variant=45921634386179","#C41E3A"
"Filaflex 95A","Filaflex TPU","https://recreus.com/en-en/products/filaflex-95a","Blue","https://recreus.com/en-en/products/filaflex-95a?variant=45921633894659","#0066CC"
"Filaflex 95A","Filaflex TPU","https://recreus.com/en-en/products/filaflex-95a","Blue","https://recreus.com/en-en/products/filaflex-95a?variant=45921634418947","#0066CC"
"Filaflex 95A","Filaflex TPU","https://recreus.com/en-en/products/filaflex-95a","Blue","https://recreus.com/en-en/products/filaflex-95a?variant=45921633927427","#0066CC"
"Filaflex 95A","Filaflex TPU","https://recreus.com/en-en/products/filaflex-95a","Blue","https://recreus.com/en-en/products/filaflex-95a?variant=45921634451715","#0066CC"
"Filaflex 95A","Filaflex TPU","https://recreus.com/en-en/products/filaflex-95a","Blue Food Grade","https://recreus.com/en-en/products/filaflex-95a?variant=47308898992387","#0066CC"
"Filaflex 95A","Filaflex TPU","https://recreus.com/en-en/products/filaflex-95a","Blue Food Grade","https://recreus.com/en-en/products/filaflex-95a?variant=47308899057923","#0066CC"
"Filaflex 95A","Filaflex TPU","https://recreus.com/en-en/products/filaflex-95a","Blue Food Grade","https://recreus.com/en-en/products/filaflex-95a?variant=47308899025155","#0066CC"
"Filaflex 95A","Filaflex TPU","https://recreus.com/en-en/products/filaflex-95a","Blue Food Grade","https://recreus.com/en-en/products/filaflex-95a?variant=47308899090691","#0066CC"
"Filaflex 95A","Filaflex TPU","https://recreus.com/en-en/products/filaflex-95a","Green","https://recreus.com/en-en/products/filaflex-95a?variant=45921633960195","#228B22"
"Filaflex 95A","Filaflex TPU","https://recreus.com/en-en/products/filaflex-95a","Green","https://recreus.com/en-en/products/filaflex-95a?variant=45921634484483","#228B22"
"Filaflex 95A","Filaflex TPU","https://recreus.com/en-en/products/filaflex-95a","Green","https://recreus.com/en-en/products/filaflex-95a?variant=45921633992963","#228B22"
"Filaflex 95A","Filaflex TPU","https://recreus.com/en-en/products/filaflex-95a","Green","https://recreus.com/en-en/products/filaflex-95a?variant=45921634517251","#228B22"
"Filaflex 95A","Filaflex TPU","https://recreus.com/en-en/products/filaflex-95a","Fluoride","https://recreus.com/en-en/products/filaflex-95a?variant=45921634025731",""
"Filaflex 95A","Filaflex TPU","https://recreus.com/en-en/products/filaflex-95a","Fluoride","https://recreus.com/en-en/products/filaflex-95a?variant=45921634550019",""
"Filaflex 95A","Filaflex TPU","https://recreus.com/en-en/products/filaflex-95a","Fluoride","https://recreus.com/en-en/products/filaflex-95a?variant=45921634058499",""
"Filaflex 95A","Filaflex TPU","https://recreus.com/en-en/products/filaflex-95a","Fluoride","https://recreus.com/en-en/products/filaflex-95a?variant=45921634582787",""
"Filaflex 70A","Filaflex TPU","https://recreus.com/en-en/products/filaflex-70a","Black","https://recreus.com/en-en/products/filaflex-70a?variant=45921628979459","#1C1C1C"
"Filaflex 70A","Filaflex TPU","https://recreus.com/en-en/products/filaflex-70a","Black","https://recreus.com/en-en/products/filaflex-70a?variant=45921629044995","#1C1C1C"
"Filaflex 70A","Filaflex TPU","https://recreus.com/en-en/products/filaflex-70a","Black","https://recreus.com/en-en/products/filaflex-70a?variant=45921629012227","#1C1C1C"
"Filaflex 70A","Filaflex TPU","https://recreus.com/en-en/products/filaflex-70a","Black","https://recreus.com/en-en/products/filaflex-70a?variant=45921629077763","#1C1C1C"
"Filaflex 70A","Filaflex TPU","https://recreus.com/en-en/products/filaflex-70a","Black","https://recreus.com/en-en/products/filaflex-70a?variant=47418502742275","#1C1C1C"
"Filaflex 70A","Filaflex TPU","https://recreus.com/en-en/products/filaflex-70a","White","https://recreus.com/en-en/products/filaflex-70a?variant=45921629110531","#FFFFFF"
"Filaflex 70A","Filaflex TPU","https://recreus.com/en-en/products/filaflex-70a","White","https://recreus.com/en-en/products/filaflex-70a?variant=45921629176067","#FFFFFF"
"Filaflex 70A","Filaflex TPU","https://recreus.com/en-en/products/filaflex-70a","White","https://recreus.com/en-en/products/filaflex-70a?variant=45921629143299","#FFFFFF"
"Filaflex 70A","Filaflex TPU","https://recreus.com/en-en/products/filaflex-70a","White","https://recreus.com/en-en/products/filaflex-70a?variant=45921629208835","#FFFFFF"
"Filaflex 70A","Filaflex TPU","https://recreus.com/en-en/products/filaflex-70a","White","https://recreus.com/en-en/products/filaflex-70a?variant=47418502775043","#FFFFFF"
"Filaflex 70A","Filaflex TPU","https://recreus.com/en-en/products/filaflex-70a","Transparent","https://recreus.com/en-en/products/filaflex-70a?variant=45921629241603","#FFFFFF"
"Filaflex 70A","Filaflex TPU","https://recreus.com/en-en/products/filaflex-70a","Transparent","https://recreus.com/en-en/products/filaflex-70a?variant=45921629307139","#FFFFFF"
"Filaflex 70A","Filaflex TPU","https://recreus.com/en-en/products/filaflex-70a","Transparent","https://recreus.com/en-en/products/filaflex-70a?variant=45921629274371","#FFFFFF"
"Filaflex 70A","Filaflex TPU","https://recreus.com/en-en/products/filaflex-70a","Transparent","https://recreus.com/en-en/products/filaflex-70a?variant=45921629339907","#FFFFFF"
"Filaflex 70A","Filaflex TPU","https://recreus.com/en-en/products/filaflex-70a","Red","https://recreus.com/en-en/products/filaflex-70a?variant=45921629372675","#C41E3A"
"Filaflex 70A","Filaflex TPU","https://recreus.com/en-en/products/filaflex-70a","Red","https://recreus.com/en-en/products/filaflex-70a?variant=45921629438211","#C41E3A"
"Filaflex 70A","Filaflex TPU","https://recreus.com/en-en/products/filaflex-70a","Red","https://recreus.com/en-en/products/filaflex-70a?variant=45921629405443","#C41E3A"
"Filaflex 70A","Filaflex TPU","https://recreus.com/en-en/products/filaflex-70a","Red","https://recreus.com/en-en/products/filaflex-70a?variant=45921629470979","#C41E3A"
"Filaflex 70A","Filaflex TPU","https://recreus.com/en-en/products/filaflex-70a","Navy blue","https://recreus.com/en-en/products/filaflex-70a?variant=45921629503747","#0066CC"
"Filaflex 70A","Filaflex TPU","https://recreus.com/en-en/products/filaflex-70a","Navy blue","https://recreus.com/en-en/products/filaflex-70a?variant=45921629569283","#0066CC"
"Filaflex 70A","Filaflex TPU","https://recreus.com/en-en/products/filaflex-70a","Navy blue","https://recreus.com/en-en/products/filaflex-70a?variant=45921629536515","#0066CC"
"Filaflex 70A","Filaflex TPU","https://recreus.com/en-en/products/filaflex-70a","Navy blue","https://recreus.com/en-en/products/filaflex-70a?variant=45921629602051","#0066CC"
"Filaflex 70A","Filaflex TPU","https://recreus.com/en-en/products/filaflex-70a","Nude","https://recreus.com/en-en/products/filaflex-70a?variant=45921629634819","#E3BC9A"
"Filaflex 70A","Filaflex TPU","https://recreus.com/en-en/products/filaflex-70a","Nude","https://recreus.com/en-en/products/filaflex-70a?variant=45921629700355","#E3BC9A"
"Filaflex 70A","Filaflex TPU","https://recreus.com/en-en/products/filaflex-70a","Nude","https://recreus.com/en-en/products/filaflex-70a?variant=45921629667587","#E3BC9A"
"Filaflex 70A","Filaflex TPU","https://recreus.com/en-en/products/filaflex-70a","Nude","https://recreus.com/en-en/products/filaflex-70a?variant=45921629733123","#E3BC9A"
"Reciflex","Filament","https://recreus.com/en-en/products/reciflex","Black","https://recreus.com/en-en/products/reciflex?variant=45921625964803","#1C1C1C"
"Reciflex","Filament","https://recreus.com/en-en/products/reciflex","Black","https://recreus.com/en-en/products/reciflex?variant=45921625997571","#1C1C1C"
"Reciflex","Filament","https://recreus.com/en-en/products/reciflex","Black","https://recreus.com/en-en/products/reciflex?variant=45921626030339","#1C1C1C"
"Reciflex","Filament","https://recreus.com/en-en/products/reciflex","Black","https://recreus.com/en-en/products/reciflex?variant=45921626063107","#1C1C1C"
"Conductive Filaflex","Filaflex TPU","https://recreus.com/en-en/products/filaflex-conductivo","Black","https://recreus.com/en-en/products/filaflex-conductivo?variant=45921625833731","#1C1C1C"
"Conductive Filaflex","Filaflex TPU","https://recreus.com/en-en/products/filaflex-conductivo","Black","https://recreus.com/en-en/products/filaflex-conductivo?variant=45921625866499","#1C1C1C"
"PLA","PLA","https://recreus.com/en-en/products/pla","Black","https://recreus.com/en-en/products/pla?variant=45921625374979","#1C1C1C"
"PLA","PLA","https://recreus.com/en-en/products/pla","Black","https://recreus.com/en-en/products/pla?variant=45921625407747","#1C1C1C"
"PLA","PLA","https://recreus.com/en-en/products/pla","Black","https://recreus.com/en-en/products/pla?variant=45921625440515","#1C1C1C"
"PLA","PLA","https://recreus.com/en-en/products/pla","Black","https://recreus.com/en-en/products/pla?variant=45921625473283","#1C1C1C"
"PLA","PLA","https://recreus.com/en-en/products/pla","White","https://recreus.com/en-en/products/pla?variant=45921625506051","#FFFFFF"
"PLA","PLA","https://recreus.com/en-en/products/pla","White","https://recreus.com/en-en/products/pla?variant=45921625538819","#FFFFFF"
"PLA","PLA","https://recreus.com/en-en/products/pla","White","https://recreus.com/en-en/products/pla?variant=45921625571587","#FFFFFF"
"PLA","PLA","https://recreus.com/en-en/products/pla","White","https://recreus.com/en-en/products/pla?variant=45921625604355","#FFFFFF"
"PLA","PLA","https://recreus.com/en-en/products/pla","Red","https://recreus.com/en-en/products/pla?variant=45921625637123","#C41E3A"
"PLA","PLA","https://recreus.com/en-en/products/pla","Red","https://recreus.com/en-en/products/pla?variant=45921625669891","#C41E3A"
"PLA","PLA","https://recreus.com/en-en/products/pla","Red","https://recreus.com/en-en/products/pla?variant=45921625702659","#C41E3A"
"PLA","PLA","https://recreus.com/en-en/products/pla","Red","https://recreus.com/en-en/products/pla?variant=45921625735427","#C41E3A"
"Filaflex 60A","Filaflex TPU","https://recreus.com/en-en/products/filaflex-60a","Black","https://recreus.com/en-en/products/filaflex-60a?variant=45921624424707","#1C1C1C"
"Filaflex 60A","Filaflex TPU","https://recreus.com/en-en/products/filaflex-60a","Black","https://recreus.com/en-en/products/filaflex-60a?variant=45921624490243","#1C1C1C"
"Filaflex 60A","Filaflex TPU","https://recreus.com/en-en/products/filaflex-60a","Black","https://recreus.com/en-en/products/filaflex-60a?variant=45921624457475","#1C1C1C"
"Filaflex 60A","Filaflex TPU","https://recreus.com/en-en/products/filaflex-60a","Black","https://recreus.com/en-en/products/filaflex-60a?variant=45921624523011","#1C1C1C"
"Filaflex 60A","Filaflex TPU","https://recreus.com/en-en/products/filaflex-60a","Black","https://recreus.com/en-en/products/filaflex-60a?variant=47418495664387","#1C1C1C"
"Filaflex 60A","Filaflex TPU","https://recreus.com/en-en/products/filaflex-60a","White","https://recreus.com/en-en/products/filaflex-60a?variant=45921624555779","#FFFFFF"
"Filaflex 60A","Filaflex TPU","https://recreus.com/en-en/products/filaflex-60a","White","https://recreus.com/en-en/products/filaflex-60a?variant=45921624621315","#FFFFFF"
"Filaflex 60A","Filaflex TPU","https://recreus.com/en-en/products/filaflex-60a","White","https://recreus.com/en-en/products/filaflex-60a?variant=45921624588547","#FFFFFF"
"Filaflex 60A","Filaflex TPU","https://recreus.com/en-en/products/filaflex-60a","White","https://recreus.com/en-en/products/filaflex-60a?variant=45921624654083","#FFFFFF"
"Filaflex 60A","Filaflex TPU","https://recreus.com/en-en/products/filaflex-60a","White","https://recreus.com/en-en/products/filaflex-60a?variant=47418495828227","#FFFFFF"
"Filaflex 60A","Filaflex TPU","https://recreus.com/en-en/products/filaflex-60a","Nude","https://recreus.com/en-en/products/filaflex-60a?variant=45921624686851","#E3BC9A"
"Filaflex 60A","Filaflex TPU","https://recreus.com/en-en/products/filaflex-60a","Nude","https://recreus.com/en-en/products/filaflex-60a?variant=45921624752387","#E3BC9A"
"Filaflex 60A","Filaflex TPU","https://recreus.com/en-en/products/filaflex-60a","Nude","https://recreus.com/en-en/products/filaflex-60a?variant=45921624719619","#E3BC9A"
"Filaflex 60A","Filaflex TPU","https://recreus.com/en-en/products/filaflex-60a","Nude","https://recreus.com/en-en/products/filaflex-60a?variant=45921624785155","#E3BC9A"