printer_id,brand,model_name,series_name,variant_or_bundle_name,printer_technology,sku,ean_upc,release_date,discontinued,discontinued_date,firmware_family,firmware_open_source,official_product_url,official_store_url,amazon_url_us,amazon_url_ca,amazon_url_uk,other_retailer_urls,build_volume_x_mm,build_volume_y_mm,build_volume_z_mm,build_volume_shape,max_build_height_with_ams_mm,machine_width_mm,machine_depth_mm,machine_height_mm,machine_weight_kg,machine_style,frame_material,has_enclosure,enclosure_type,enclosure_heated,enclosure_max_temp_c,max_travel_speed_xy_mms,max_print_speed_mms,recommended_quality_speed_mms,max_acceleration_xy_mmss,max_acceleration_z_mmss,input_shaping_supported,linear_rails_on_axes,motion_system_notes,extruder_count,extruder_type,extruder_drive_type,filament_diameter_mm,max_nozzle_temp_c,sustained_nozzle_temp_c,hotend_type,hotend_brand_model,stock_nozzle_diameter_mm,supported_nozzle_diameters_mm,nozzle_material,max_flow_rate_mm3s,abrasive_filament_support,extruder_notes,bed_size_x_mm,bed_size_y_mm,bed_type,bed_heated,bed_max_temp_c,bed_heater_power_w,stock_plate_types,supported_plate_types,auto_bed_leveling,abl_technique,first_layer_assist_features,filter_type,internal_lighting,door_sensor,smoke_sensor,temperature_sensors,official_supported_materials,recommended_materials,abrasive_materials_supported,max_recommended_material_temp_c,materials_notes,multi_material_supported,native_multi_material_system,compatible_multi_material_systems,multi_material_max_spools,multi_material_spool_chamber_max_temp_c,multi_material_drying_capability,multi_material_limitations_notes,has_wifi,has_ethernet,has_bluetooth,has_usb_a_port,has_usb_c_port,has_sd_card,has_micro_sd_card,onboard_storage_gb,cloud_platforms,remote_monitoring_supported,remote_control_supported,screen_type,screen_size_inch,screen_resolution,control_knob,ui_language_options,assembly_required,average_assembly_time_min,maintenance_interval_hours,nozzle_change_ease,belt_tensioning_method,common_failure_points,recommended_upgrades,noise_level_printing_db,noise_level_idle_db,power_input_voltage,rated_power_w,typical_power_pla_w,typical_power_abs_w,power_supply_type,thermal_runaway_protection,power_loss_recovery,safety_certifications,safety_notes,msrp_usd,msrp_cad,msrp_eur,current_price_usd_store,current_price_usd_amazon,price_tier,target_user_segment,marketing_tags,rating_community_overall,rating_ease_of_use,rating_print_quality,rating_reliability,rating_value_for_money,review_count_aggregated,community_popularity_score,common_mods_tags,compatible_plate_types,default_plate_type,printer_profile_slug_in_slicers,data_source_urls,data_source_priority,data_quality_notes,last_verified_utc,auto_bed_leveling_method
bambu_lab_h2c,Bambu Lab,H2C,H Series,,FDM,,,2025-11-18,,,,FALSE,https://bambulab.com/en/h2c,https://us.store.bambulab.com/products/h2c,,,,,330,320,325,,,492.0,514,626,32.5,Enclosed,Steel,TRUE,,Yes,65.0,1000.0,,,20000,,,,,7,Multiple (6 induction hotends + 1 dedicated support),,1.75,350,,,,0.025,"0.2, 0.4, 0.6, 0.8",Hardened steel,40,,,,,,,120,,,,,,,G3 pre-filter; H12 HEPA; granulated coconut shell activated carbon filter,,Yes,,,,,,,,Yes,Yes,,,,,,TRUE,FALSE,FALSE,TRUE,,,FALSE,8,,,,touchscreen,5,720x1280,,,,,,,,,,~50dB,,,1800W (220V)/1250W (110V),,,,,Yes,,Fire-retardant construction (UL94 V-0 grade materials); Multi-sensor closed-loop temperature control,2399.0,,,,,,,,,,,,,,,,,,,,,,,
bambu_lab_h2d,Bambu Lab,H2D,H Series,,FDM,,,2025-03-25,,,,,https://bambulab.com/en/h2d,https://us.store.bambulab.com/products/h2d,,,,,300,320,325,,,,,,,Enclosed,"Aluminum, Steel",TRUE,,Yes,65.0,1000.0,600.0,,20000,,,,,2,Dual-Nozzle,,5.0,350,,,,5,,,,,,,,,,120,,,,,,,,,,,,,,,,,Yes,Yes,,,,,,FALSE,FALSE,FALSE,,,,FALSE,,,,,,,,,,,,,,,,,,,,,,,,,No,,"Flame-retardant chamber with active fire detection, Emergency stop with loud buzzer alert, Multi-sensor thermal control for fire prevention",1749.0,,,,,,,,,,,,,,,,,,,,,,,
bambu_lab_h2s,Bambu Lab,H2S,H Series,,FDM,,,2025-08-26,,,,,https://bambulab.com/en/h2s,https://us.store.bambulab.com/products/h2s,,,,,340,320,340,,,,1,,,Enclosed,Die-cast aluminum,TRUE,,Yes,65.0,1000.0,,,20000,,,,,,,,340.0,350,,,,340,,,,,,,,,,120,,,,,,,,,,,,,,,,,Yes,Yes (AMS 2 Pro),,,,,,FALSE,FALSE,FALSE,,,,FALSE,,,,,,,,,,,,,,,,,<50,,,,,,,,No,,"5 flame sensors, Flame-retardant chamber construction, Emergency stop button",1249.0,,,,,,,,,,,,,,,,,,,,,,,
bambu_lab_x1c,Bambu Lab,X1 Carbon,X1 Series,,FDM,,,2022-08-10,,,,,https://bambulab.com/en/x1,,,,,,256,256,256,,,389.0,389,457,14.13,,Steel,TRUE,,,,,500.0,,20000,,,,,,direct drive,,1.75,300,,,,0.4,"0.2, 0.6, 0.8",Hardened Steel,32,Yes,,,,,,110,,,,,,,Activated carbon VOC filter,,Yes,,,,,,,,Yes,Yes (AMS),,,,,,TRUE,,,,,,TRUE,4,,,,touchscreen,5,,,,,,,,,,,,50 (silent mode),,,,,,,Yes,,,1410.0,,,,,,,,,,,,,,,,,,,,,,,
bambu_lab_x1e,Bambu Lab,X1E,X1 Series,,FDM,,,2023-01-01,,,,,https://bambulab.com/en/x1e,,,,,,256,256,256,,,389.0,389,457,16,,Steel,TRUE,,Yes,60.0,500.0,,,20000,,,,,,direct drive dual-gear,,0.0,320,,,,0,,,,,,,,,,110 (220V) / 120 (110V),,,,,,,G3 pre-filter; H12 HEPA; activated carbon filter,,,,,,"PPA-CF/GF, PPS, PPS-CF/GF",,,,Yes,Yes (AMS),,16,,,,TRUE,TRUE,FALSE,,,,FALSE,,,,,touchscreen,5,,,,,,,,,,,,,,750,,,,,No,,,2499.0,,,,,,,,,,,,,,,,,,,,,,,
bambu_lab_p1p,Bambu Lab,P1P,P Series,,FDM,,,2022-01-01,,,,,https://bambulab.com/en/p1p,https://us.store.bambulab.com/products/p1p,,,,,256,256,256,,,386.0,389,458,9.65,Open frame,,FALSE,,No,,,500.0,,20000,,,,,,All-metal hotend,,1.75,300,,,,0.4,,stainless steel,32,,,,,,,100,,,,TRUE,,,,,,,,,"PLA, PETG, TPU, PVA, PET",,,,Yes (with AMS),,,,,,,TRUE,FALSE,TRUE,,,,TRUE,,,,,,,,,,,,,,,,,,,,,,,,,Yes,,,699.0,,,,,,,,,,,,,,,,,,,,,,,
bambu_lab_p1s,Bambu Lab,P1S,P Series,,FDM,,,2023-01-01,,,,,https://us.store.bambulab.com/products/p1s,https://us.store.bambulab.com/products/p1s,,,,,256,256,256,,,389.0,389,457,12.95,Enclosed,,TRUE,,No,,,500.0,,20000,,,,,,direct-drive,,20000.0,300,,,,0.4,"0.2, 0.6, 0.8",Stainless steel,,,,,,,,100,,,,,,,Activated carbon filter,,,,,,,,,,Yes (AMS),,,,,,,TRUE,FALSE,TRUE,,,,FALSE,,,,,,2.7,,,,,,,,,,,,,,,,,,,Yes,,,699.0,,,399,,,,,,,,,,,,,,,,,,,,
bambu_lab_a1,Bambu Lab,A1,A Series,,FDM,,,2023-12-14,,,,,https://us.store.bambulab.com/products/a1,https://us.store.bambulab.com/products/a1,,,,,256,256,256,,,385.0,410,430,8.3,,,FALSE,,No,,,500.0,,10000,,,,,,direct drive,,,300,,,,0.4,,stainless steel,,,,,,,,100,,,,TRUE,,,,,,,,,,,,,Yes (with AMS Lite),Yes,,4,,,,FALSE,FALSE,FALSE,,,,FALSE,,,,,,,,,,,,,,,,,,,,,,,,,No,,,399.0,,,279,,,,,,,,,,,,,,,,,,,,
bambu_lab_a1_mini,Bambu Lab,A1 Mini,A Series,,FDM,,,2023-09-20,,,,,https://bambulab.com/en/a1-mini/tech-specs,https://us.store.bambulab.com/products/a1-mini,,,,,180,180,180,,,347.0,315,365,5.5,,,FALSE,,No,,,500.0,,10000,,,,,,,,1.75,300,,,,0.4,"0.2, 0.6, 0.8",Stainless Steel,28,,,,,,,80,,,,,,,,,,,,,,,,,No,,,,,,,TRUE,FALSE,FALSE,,,,TRUE,,,,,IPS Touch Screen,2.4,320*240,,,,,,,,,,,,100-240 VAC,150,,,,,Yes,,,299.0,,,199,,,,,,,,,,,,,,,,,,,,
bambu_lab_p2s,Bambu Lab,P2S,P Series,,FDM,,,,,,,,,https://us.store.bambulab.com/products/p2s,,,,,256,256,256,,,,,,,,Steel,TRUE,,,,,500.0,,,,,,,,,,,300,,,,,,,,,,,,,,100,,,,,,,,,,,,,,,,,Yes (with AMS),,,,,,,,,,,,,,,,,,,,,,,,,,,,,,,,,,,,,,,,,,,,,,,,,,,,,,,,,,,,,,,,
prusa_core_one,Prusa Research,Core One,Core Series,,FDM,CORE-ONE-COM,,2023-03-29,FALSE,,,TRUE,https://www.prusa3d.com/product/original-prusa-mk4-3d-printer/,https://www.prusa3d.com/product/prusa-core-one/,,,,,250,220,270,,,469.0,521,635,21.9,,all-steel exoskeleton,TRUE,,,,,,,,,TRUE,,CoreXY,,Direct,Direct,1.75,290,,All-metal,Nextruder,0.4,"0.25,0.4,0.6,0.8",Brass,35,,,,,Magnetic with PEI spring steel sheet,TRUE,120,,,,TRUE,Load Cell Sensor,,,,,,,"PLA,PETG,ABS,ASA,Flex,HIPS,PA,PC,PP",,,,,TRUE,,MMU3,,,,,TRUE,TRUE,,,,TRUE,,,Prusa Connect,1,1,LCD,,,1,,1,,,,,,,,,,,,,,TRUE,TRUE,"CE, FCC, UL",,1202.48,,,,,,,,,,,,,,,,,,,https://www.prusa3d.com/product/prusa-core-one/https://www.printedsolid.com/products/original-prusa-core-one,,Data extracted from official product pages.,2025-11-29T20:32:57.018382,
prusa_core_one_l,Prusa Research,Core One L,Core Series,,FDM,18465,,2020-11-24,FALSE,,,TRUE,https://www.prusa3d.com/product/original-prusa-i3-mk3s-plus-3d-printer/,https://www.prusa3d.com/product/prusa-core-one-l-2/,,,,,300,300,330,,,469.0,521,635,21.9,,steel frame with aluminum panels,TRUE,,,,,,,,,FALSE,,Cartesian,,Direct,Direct,1.75,290,,All-metal,E3D V6,0.4,"0.25,0.4,0.6,0.8",Brass,,,,,,Magnetic with PEI spring steel sheet,TRUE,120,,,,TRUE,SuperPINDA,,,,,,,"PLA,PETG,ABS,ASA,Flex,HIPS,PA,PC,PP",,,,,TRUE,,MMU2S/MMU3,,,,,TRUE,TRUE,,,,TRUE,,,Prusa Connect,1,1,LCD,,,1,,1,,,,,,,,,,,80,120,,TRUE,TRUE,CE,,1665.74,,,,,,,,,,,,,,,,,,,https://www.prusa3d.com/product/prusa-core-one-l-2/,,Data extracted from official product pages.,2025-11-29T20:32:57.018395,
prusa_mk4s,Prusa Research,MK4S,MK Series,,FDM,14267,8594170000000.0,2023-03-29,FALSE,,Prusa-Firmware-Buddy,TRUE,https://www.prusa3d.com/product/original-prusa-mk4-3d-printer/,https://www.prusa3d.com/product/original-prusa-mk4s-3d-printer-5/,https://www.amazon.com/ORIGINAL-PRUSA-Original-Prusa-Printer/dp/B0DXVZHZMV,https://www.amazon.ca/Original-Assembled-Removable-Prusament-Included/dp/B0DLKM9FZY,,,250,210,220,,,500.0,550,400,7,,aluminum extrusion,FALSE,,,,,,,,,TRUE,,Cartesian,,Direct,Direct,1.75,290,,All-metal,Nextruder,0.4,"0.25,0.4,0.6,0.8",Brass,35,,,250,210,Magnetic with PEI spring steel sheet,TRUE,120,,"Smooth PEI, Textured PEI, Satin PEI","Smooth PEI, Textured PEI, Satin PEI",TRUE,Load Cell Sensor,,,,,,,"PLA,PETG,ABS,ASA,Flex,HIPS,PA,PC,PP",,,,,TRUE,,MMU3,,,,,TRUE,TRUE,,,,TRUE,,,Prusa Connect,1,1,LCD,,,1,,1,,,,,,,50-60,,120V / 230V,,,,240W,TRUE,TRUE,"CE, FCC, UL",,856.48,2493.11,1007.26,,1104.15,Mid-range,"Hobbyist, Professional",,4.5/5,,,,,,,"hotend fan cover, auto-rewind systems for MMU3, dual extrusion, OctoPrint",,,,https://www.prusa3d.com/product/original-prusa-mk4s-3d-printer-5/,,Data extracted from official product pages.,2025-11-29T20:32:57.018397,
prusa_mk3s_plus,Prusa Research,MK3S+,MK Series,,FDM,MK3S+,8594170000000.0,2020-11-24,FALSE,,Prusa-Firmware,TRUE,https://www.prusa3d.com/product/original-prusa-i3-mk3s-plus-3d-printer/,https://www.prusa3d.com/product/original-prusa-i3-mk3s-plus-3d-printer/,https://www.amazon.com/Removable-Beginner-Friendly-Automatic-Calibration-9-84%C3%978-3%C3%978-3/dp/B0BN33NMRM,,,,250,210,210,,,500.0,550,400,7,,aluminum extrusion,FALSE,,,,,,,,,FALSE,,Cartesian,,Direct,Direct,1.75,300,,All-metal,E3D V6,0.4,"0.25,0.4,0.6,0.8",Brass,,,,250,210,Magnetic with PEI spring steel sheet,TRUE,120,,Smooth PEI,"Smooth PEI, Textured PEI, Satin PEI",TRUE,SuperPINDA,,,,,,,"PLA,PETG,ABS,ASA,Flex,HIPS,PA,PC,PP",,,,,TRUE,,MMU2S/MMU3,,,,,TRUE,TRUE,,,,TRUE,,,Prusa Connect,1,1,LCD,,,1,,1,,,,,,,45-55 (Stealth Mode),,120V / 230V,,80,120,240W,TRUE,TRUE,CE,,699.0,,,,,Mid-range,"Hobbyist, Professional",,4.5/5,,,,,,,,,,,https://www.prusa3d.com/product/original-prusa-i3-mk3s-10th-anniversary-edition-3d-printer/https://www.printedsolid.com/products/original-prusa-i3-mk3s-3d-printer,,Data extracted from official product pages.,2025-11-29T20:32:57.018400,
prusa_xl_1t,Prusa Research,Original Prusa XL,XL Series,1-Toolhead,FDM,7828,859417000000.0,2022-09-22,FALSE,,Prusa-Firmware-Buddy,TRUE,https://www.prusa3d.com/product/original-prusa-xl/,https://www.prusa3d.com/product/original-prusa-xl-semi-assembled-single-toolhead-3d-printer/,https://www.amazon.com/Original-Prusa-1-toolhead-Large-Scale-14-17%C3%9714-17%C3%9714-17/dp/B0D4ZCR48N,,,,360,360,360,,,700.0,900,720,27.9,,aluminum extrusion,FALSE,,,,,,,,,TRUE,,CoreXY,1,Direct,Direct,1.75,290,,All-metal,Nextruder,0.4,"0.25,0.4,0.6,0.8",Brass,35,,,360,360,Segmented heatbed with magnetic PEI spring steel sheets,TRUE,120,,Satin PEI,"Smooth PEI, Textured PEI, Satin PEI",TRUE,Load Cell Sensor,,,,,,,"PLA,PETG,ABS,ASA,Flex,HIPS,PA,PC,PP",,,,,TRUE,TRUE,,,,,,TRUE,TRUE,,,,TRUE,,,Prusa Connect,1,1,LCD,,,1,,1,,,,,,,60-70,,120V / 230V,240,235,,240W,TRUE,TRUE,CE,,1850.41,,1970.0,,2738.17,High-end,"Professional, Industrial",,10-Oct,,,,,,,,,,,https://www.prusa3d.com/product/original-prusa-xl-semi-assembled-single-toolhead-3d-printer/,,Data extracted from official product pages.,2025-11-29T20:32:57.018402,
prusa_xl_2t,Prusa Research,Original Prusa XL,XL Series,2-Toolhead,FDM,XL-2T,,2022-09-22,FALSE,,Prusa-Firmware-Buddy,TRUE,https://www.prusa3d.com/product/original-prusa-xl/,https://www.prusa3d.com/product/original-prusa-xl-semi-assembled-2-toolhead-3d-printer/,https://www.amazon.com/5-toolhead-Large-scale-14-17%C3%9714-17%C3%9714-17-independent-Multi-material/dp/B0D4Z9ZXQN,,,,360,360,360,,,700.0,900,720,29.3,,aluminum extrusion,FALSE,,,,,,,,,TRUE,,CoreXY,2,Direct,Direct,1.75,290,,All-metal,Nextruder,0.4,"0.25,0.4,0.6,0.8",Brass,35,,,360,360,Segmented heatbed with magnetic PEI spring steel sheets,TRUE,120,,Satin PEI,"Smooth PEI, Textured PEI, Satin PEI",TRUE,Load Cell Sensor,,,,,,,"PLA,PETG,ABS,ASA,Flex,HIPS,PA,PC,PP",,,,,TRUE,TRUE,,,,,,TRUE,TRUE,,,,TRUE,,,Prusa Connect,1,1,LCD,,,1,,1,,,,,,,60-70,,120V / 230V,240,235,,240W,TRUE,TRUE,CE,,2350.41,,,,3153.17,High-end,"Professional, Industrial",,10-Oct,,,,,,,,,,,https://www.prusa3d.com/product/original-prusa-xl-semi-assembled-single-toolhead-3d-printer/,,Data extracted from official product pages.,2025-11-29T20:32:57.018404,
prusa_xl_5t,Prusa Research,Original Prusa XL,XL Series,5-Toolhead,FDM,XL-5T,,2022-09-22,FALSE,,Prusa-Firmware-Buddy,TRUE,https://www.prusa3d.com/product/original-prusa-xl/,https://www.prusa3d.com/product/original-prusa-xl-semi-assembled-5-toolhead-3d-printer/,https://www.amazon.com/Original-Prusa-Large-Scale-14-17%C3%9714-17%C3%9714-17-Multi-Material/dp/B0D4Z9ZXQN,,,,360,360,360,,,700.0,900,720,33.7,,aluminum extrusion,FALSE,,,,,,,,,TRUE,,CoreXY,5,Direct,Direct,1.75,290,,All-metal,Nextruder,0.4,"0.25,0.4,0.6,0.8",Brass,35,,,360,360,Segmented heatbed with magnetic PEI spring steel sheets,TRUE,120,,Satin PEI,"Smooth PEI, Textured PEI, Satin PEI",TRUE,Load Cell Sensor,,,,,,,"PLA,PETG,ABS,ASA,Flex,HIPS,PA,PC,PP",,,,,TRUE,TRUE,,,,,,TRUE,TRUE,,,,TRUE,,,Prusa Connect,1,1,LCD,,,1,,1,,,,,,,60-70,,120V / 230V,240,235,,240W,TRUE,TRUE,CE,,2869.42,,3350.0,,3839.2,High-end,"Professional, Industrial",,10-Oct,,,,,,,,,,,https://www.prusa3d.com/product/original-prusa-xl-semi-assembled-5-toolhead-3d-printer/,,Data extracted from official product pages.,2025-11-29T20:32:57.018406,
prusa_mini_plus,Prusa Research,MINI+,Mini Series,,FDM,2147,5905200000000.0,2021-03-16,FALSE,,Prusa-Firmware-Buddy,TRUE,https://www.prusa3d.com/product/original-prusa-mini-plus/,https://www.prusa3d.com/product/original-prusa-mini-3/,https://www.amazon.com/PRUSA-ORIGINAL-MINI-Semi-Assembled/dp/B0933LV2JW,,,,180,180,180,,,320.0,330,380,5,,aluminum extrusion,FALSE,,,,,,,,,TRUE,,Cartesian,,Bowden,Direct,1.75,280,,All-metal,,0.4,"0.25,0.4,0.6,0.8",Brass,,,,180,180,Magnetic with PEI spring steel sheet,TRUE,100,,Smooth PEI,"Smooth PEI, Textured PEI, Satin PEI",TRUE,SuperPINDA,,,,,,,"PLA,PETG,ABS,ASA,Flex,HIPS,PA,PC,PP",,,,,FALSE,,,,,,,TRUE,TRUE,,,,TRUE,,,Prusa Connect,1,1,LCD,,,1,,1,,,,,,,55-65,,120V / 240V,,,,160W,TRUE,TRUE,CE,,429.0,,489.0,,539,Entry-level,"Beginner, Hobbyist",,8.8/10,,,,,,,,,,,https://www.prusa3d.com/product/original-prusa-mini-3/,,Data extracted from official product pages.,2025-11-29T20:32:57.018411,
creality_k2_plus,Creality,K2 Plus,K Series,K2 Plus Combo,FDM,CR-K2-PLUS,,,,,,,https://www.creality.com/products/creality-k2-plus-cfs-combo,https://store.creality.com/products/creality-k2-plus-combo-3d-printer,https://www.amazon.com/Creality-K2-Plus-Combo-Full-auto/dp/B0F5HJMMT9,,,,350,350,350,,,495.0,515,640,35,CoreXY,Die-cast Aluminum Alloy,TRUE,Actively Heated,TRUE,60.0,,600.0,,30000,,TRUE,,,,Direct Drive,,1.75,350,,All-metal,,,,Tri-metal 'Unicorn',,,,,,,TRUE,120,,,,TRUE,,,,,,,,,,,,,,,,,,,,TRUE,TRUE,,,,,,,,,,4.3-inch Touchscreen,,,,,,,,,,,,,,,,,,,TRUE,TRUE,,,1499.0,,,,1199,,,,,,,,,,,,,,,https://store.creality.com/products/creality-k2-plus-combo-3d-printerhttps://www.creality.com/products/creality-k2-plus-cfs-combo,,,,
creality_k2_pro,Creality,K2 Pro,K Series,K2 Pro Combo,FDM,CR-K2-PRO,,,,,,,https://www.creality.com/products/k2-series,https://store.creality.com/products/k2-pro-combo-3d-printer,https://www.amazon.com/Creality-K2-Pro-Combo-300%C3%97300%C3%97300mm/dp/B0FDGBWZ58,,,,300,300,300,,,445.0,505,850,23.7,CoreXY,Die-cast Aluminum Alloy,TRUE,Actively Heated,TRUE,60.0,,600.0,,20000,,TRUE,,,,Direct Drive,,1.75,300,,All-metal,,,,,,,,,,,TRUE,110,,,,TRUE,,,,,,,,,,,,,,,,,,,,TRUE,TRUE,,,,,,,,,,4-inch Touchscreen,,,,,,,,,,,,,,,,,,,TRUE,TRUE,,,1299.0,,,,999,,,,,,,,,,,,,,,https://store.creality.com/products/k2-pro-combo-3d-printerhttps://www.creality.com/products/k2-series,,,,
creality_k2,Creality,K2,K Series,,FDM,CR-K2,,,,,,,https://www.creality.com/products/k2-series,https://www.creality.com/products/k2-series,https://www.amazon.com/creality-k2/s?k=creality+k2,,,,260,260,260,,,404.0,436,545,18.3,CoreXY,Die-cast Aluminum Alloy,TRUE,,FALSE,,,600.0,,20000,,TRUE,,,,Direct Drive,,1.75,300,,,,,,,,,,,,,TRUE,100,,,,TRUE,,,,,,,,,,,,,,,,,,,,TRUE,,,,,,,,,,,4-inch Touchscreen,,,,,,,,,,,,,,,,,,,TRUE,TRUE,,,899.0,,,,649,,,,,,,,,,,,,,,https://www.creality.com/products/k2-series,,,,
creality_k1c,Creality,K1C,K Series,,FDM,CR-K1C,,,,,,,https://www.creality.com/products/k1c-carbon-3d-printer,https://store.creality.com/products/k1c-3d-printer,https://www.amazon.com/Creality-K1C-Printers-Clog-Free-Filaments/dp/B0CQKTYWXS,,,,220,220,250,,,355.0,355,482,12.4,CoreXY,Die-cast Aluminum Alloy,TRUE,,,,,600.0,,20000,,TRUE,,,,Direct Drive,,1.75,300,,All-metal,,,,Tri-metal 'Unicorn',,,,,,,TRUE,100,,,,TRUE,,,,,,,,,,,,,,,,,,,,TRUE,,,,,,,,,,,4.3-inch Touchscreen,,,,,,,,,,,,,,,,,,,TRUE,TRUE,,,559.0,,,,,,,,,,,,,,,,,,,https://www.creality.com/products/k1c-carbon-3d-printer,,,,
creality_k1_max,Creality,K1 Max,K Series,,FDM,CR-K1-MAX,,,,,,,https://www.creality.com/products/creality-k1-max-3d-printer,https://store.creality.com/products/k1-max-3d-printer,https://www.amazon.com/Creality-K1-Max-High-Speed-11-8x11-8x11-8in/dp/B0C5RFGNDH,,,,300,300,300,,,435.0,462,526,18,CoreXY,Die-cast Aluminum Alloy,TRUE,,,,,600.0,,20000,,TRUE,,,,Direct Drive,,1.75,300,,All-metal,,,,,,,,,,,TRUE,100,,,,TRUE,,,,,,,,,,,,,,,,,,,,TRUE,TRUE,,,,,,,,,,4.3-inch Touchscreen,,,,,,,,,,,,,,,,,,,TRUE,TRUE,,,899.0,,,,683,,,,,,,,,,,,,,,https://www.creality.com/products/creality-k1-max-3d-printerhttps://store.creality.com/products/k1-max-3d-printer,,,,
creality_hi_combo,Creality,Hi Combo,Hi Series,,FDM,CR-HI-COMBO,,,,,,,https://www.creality.com/products/creality-hi-combo,https://store.creality.com/products/creality-hi-combo-3d-printer,https://www.amazon.com/Creality-Hi-Multi-Color-Pre-Assembled-Self-Leveling/dp/B0CR944335,,https://www.amazon.co.uk/Creality-Multi-Color-Pre-Assembled-Self-Leveling-260x260x300mm/dp/B0CR944335,,260,260,300,,,,,,,CoreXY,Die-cast Aluminum,FALSE,,,,,500.0,,12000,,TRUE,,,,Direct Drive,,1.75,300,,All-metal,,,,,,,,,,,TRUE,100,,,,TRUE,,,,,,,,,,,,,TRUE,Creality Filament System (CFS),,16,,,,TRUE,,,,,,,,,,,3.2-inch Touchscreen,,,,,,,,,,,,,,,,,,,TRUE,TRUE,,,499.0,,,,379,,,,,,,,,,,,,,,https://store.creality.com/products/creality-hi-combo-3d-printer,,,,
creality_ender_5_max_2025,Creality,Ender-5 Max,Ender Series,,FDM,CR-ENDER-5-MAX,,2025-01-01,,,,,,https://store.creality.com/products/ender-5-max-3d-printer,,,,,400,400,400,,,,,,,,Aluminum extrusion,FALSE,,,,,700.0,,20000,,,,,,,,,300,,,,,,,,,,,,,,,,,,,,,,,,,,,,,,,,,,,,,,,,,,,,,,,,,,,,,,,,,,,,,,,,,,,,,,,,,,,,,,,,,,,,,,,,,,,https://www.creality.com/products/creality-ender-5-max,,,,
creality_ender_3_v3_plus,Creality,Ender-3 V3 Plus,Ender Series,,FDM,CR-ENDER-3-V3-PLUS,,,,,,,,https://store.creality.com/products/ender-3-v3-plus-3d-printer,,,,,300,300,330,,,,,,,,Aluminum extrusion,FALSE,,,,,600.0,,,,,,,,,,,300,,,,,,,,,,,,,,,,,,,,,,,,,,,,,,,,,,,,,,,,,,,,,,,,,,,,,,,,,,,,,,,,,,,,,,,,,,,,,,,,,,,,,,,,,,,https://store.creality.com/products/ender-3-v3-plus-3d-printer,,,,
creality_ender_3_v3,Creality,Ender-3 V3,Ender Series,,FDM,CR-ENDER-3-V3,,,,,,,,https://store.creality.com/products/ender-3-v3-corexz-3d-printer,,,,,220,220,250,,,,,,,,Aluminum extrusion,FALSE,,,,,600.0,,,,,,,,,,,300,,,,,,,,,,,,,,,,,,,,,,,,,,,,,,,,,,,,,,,,,,,,,,,,,,,,,,,,,,,,,,,,,,,,,,,,,,,,,,,,,,,,,,,,,,,https://store.creality.com/products/ender-3-v3-corexz-3d-printer,,,,
creality_ender_3_v3_ke,Creality,Ender-3 V3 KE,Ender Series,,FDM,CR-ENDER-3-V3-KE,,,,,,,,https://store.creality.com/products/ender-3-v3-ke-3d-printer,,,,,220,220,240,,,,,,,,Aluminum extrusion,FALSE,,,,,500.0,,8000,,,,,,,,,300,,,,,,,,,,,,,,,,,,,,,,,,,,,,,,,,,,,,,,,,,,,,,,,,,,,,,,,,,,,,,,,,,,,,,,,,,,,,,,,,,,,,,,,,,,,https://www.creality.com/products/creality-ender-3-v3-kehttps://store.creality.com/products/ender-3-v3-ke-3d-printer,,,,
creality_ender_3_v3_se,Creality,Ender-3 V3 SE,Ender Series,,FDM,CR-ENDER-3-V3-SE,,,,,,,,https://store.creality.com/products/ender-3-v3-se-3d-printer,,,,,220,220,250,,,,,,,,Aluminum extrusion,FALSE,,,,,250.0,,2500,,,,,,,,,260,,,,,,,,,,,,,,,,,,,,,,,,,,,,,,,,,,,,,,,,,,,,,,,,,,,,,,,,,,,,,,,,,,,,,,,,,,,,,,,,,,,,,,,,,,,https://www.creality.com/products/creality-ender-3-v3-sehttps://store.creality.com/products/ender-3-v3-se-3d-printer,,,,
creality_ender_3_v2_neo,Creality,Ender-3 V2 Neo,Ender Series,,FDM,CR-ENDER-3-V2-NEO,,,,,,,,https://store.creality.com/products/ender-3-v2-neo-3d-printer,,,,,220,220,250,,,,,,,,Aluminum extrusion,FALSE,,,,,,,,,,,,,,,,,,,,,,,,,,,,,,,,,,,,,,,,,,,,,,,,,,,,,,,,,,,,,,,,,,,,,,,,,,,,,,,,,,,,,,,,,,,,,,,,,,,,,,,,,,,https://www.creality.com/products/ender-3-v2-neo-3d-printer,,,,
anycubic_kobra_s1_combo,Anycubic,Kobra S1 Combo,Kobra S1 Series,,FDM,Not found,,,,,,,,https://store.anycubic.com/products/kobra-s1-combo,,,,,250,250,250,,,,,,,,Aluminum extrusion,FALSE,,,,,600.0,,,,,,,,,,,320,,,,,,,,,,,,,,320,,,,,,,,,,,,,,,,,,,,,,,,,,,,,,,,,,,,,,,,,,,,,,,,,,,,,,,,,,429.0,,,,,,,,,,,,,,,,,,,,,,,
anycubic_kobra_s1,Anycubic,Kobra S1,Kobra S1 Series,,FDM,Not found,,,,,,,,https://store.anycubic.com/products/kobra-s1,,,,,250,250,250,,,,,,,,Aluminum extrusion,TRUE,,,,,600.0,,,,,,,,,,,320,,,,,,,,,,,,,,320,,,,TRUE,,,,,,,,,,,,,,,,,,,,,,,,,,,,,,,,,,,,,,,,,,,,,,,,,,,,,,549.0,,,,,,,,,,,,,,,,,,,,,,,
anycubic_kobra_3_combo,Anycubic,Kobra 3 Combo,Kobra 3 Series,,FDM,Not found,,,,,,,,https://store.anycubic.com/products/kobra-3-combo,,,,,250,250,260,,,,,,,,Aluminum extrusion,FALSE,,,,,600.0,,,,,,,,Direct Drive,,,300,,,,,,,,,,,,,,300,,,,TRUE,,,,,,,,,,,,,,,,,,,,,,,,,,,,,,,,,,,,,,,,,,,,,,,,,,,,,,299.0,,,,,,,,,,,,,,,,,,,,,,,
anycubic_kobra_3,Anycubic,Kobra 3,Kobra 3 Series,,FDM,Not found,,,,,,,,https://store.anycubic.com/products/kobra-3,,,,,250,250,260,,,,,,,,Aluminum extrusion,FALSE,,,,,600.0,,,,,,,,,,,300,,,,,,,,,,,,,,300,,,,TRUE,,,,,,,,,,,,,,,,,,,,,,,,,,,,,,,,,,,,,,,,,,,,,,,,,,,,,,,,,,,,,,,,,,,,,,,,,,,,,
anycubic_kobra_2_neo,Anycubic,Kobra 2 Neo,Kobra 2 Series,,FDM,Not found,,,,,,,,https://store.anycubic.com/products/kobra-2-neo,,,,,485,440,440,,,,,,,,Aluminum extrusion,FALSE,,,,,250.0,,,,,,,,Direct Drive,,,260,,,,,,,,,,,,,,260,,,,,,,,,,,,,,,,,,,,,,,,,,,,,,,,,,,,,,,,,,,,,,,,,,,,,,,,,,199.0,,,,,,,,,,,,,,,,,,,,,,,
anycubic_kobra_2_pro,Anycubic,Kobra 2 Pro,Kobra 2 Series,,FDM,Not found,,,,,,,,https://store.anycubic.com/products/kobra-2-pro,,,,,420,420,500,,,,,,,,Aluminum extrusion,FALSE,,,,,500.0,,,,,,,,,,,,,,,,,,,,,,,,,,,,,,,,,,,,,,,,,,,,,,,,,,,,,,,,,,,,,,,,,,,,,,,,,,,,,,,,,,,630.0,,,,,,,,,,,,,,,,,,,,,,,
anycubic_kobra_2_plus,Anycubic,Kobra 2 Plus,Kobra 2 Series,,FDM,Not found,,,,,,,,https://store.anycubic.com/products/kobra-2-plus,,,,,320,320,400,,,,,,,,Aluminum extrusion,FALSE,,,,,50.0,,,,,,,,Direct Drive,,,260,,,,,,,,,,,,,,260,,,,,,,,,,,,,,,,,,,,,,,,,,,,,,,,,,,,,,,,,,,,,,,,,,,,,,,,,,334.0,,,,,,,,,,,,,,,,,,,,,,,
anycubic_kobra_2_max,Anycubic,Kobra 2 Max,Kobra 2 Series,,FDM,Not found,,,,,,,,https://store.anycubic.com/products/kobra-2-max,,,,,420,420,500,,,,,,,,Aluminum extrusion,FALSE,,,,,500.0,,,,,,,,,,,260,,,,,,,,,,,,,,260,,,,,,,,,,,,,,,,,,,,,,,,TRUE,,,,,,,,,,,,,,,,,,,,,,,,,,,,,,,,,,349.0,,,,,,,,,,,,,,,,,,,,,,,
flashforge_adventurer_5m_pro,FlashForge,Adventurer 5M Pro,Adventurer Series,,FDM,FF-ADV5M-PRO,,2023-01-01,FALSE,,Klipper,TRUE,https://www.flashforge.com/products/adventurer-5m-pro-3d-printer,https://www.flashforgeshop.com/product/flashforge-adventurer-5m-pro-3d-printer,https://www.amazon.com/FLASHFORGE-Adventurer-Pro-Multi-Functional-220x220x220mm/dp/B0CH4RG161,,,220,220,220,rectangular,,380.0,400.0,453,20.1,enclosed,metal,yes,TRUE,no,,600.0,600.0,300.0,20000.0,,yes,X,Y,CoreXY,1,direct drive,direct,1.75,280,250,all-metal,,"0.4, 0.25, 0.6, 0.8",hardened steel,32,yes,,220,220,PEI steel sheet,yes,110,,PEI,PEI,yes,TRUE,auto Z-offset,HEPA,activated carbon,yes,yes,no,yes,"PLA,  PETG,  ABS,  ASA,  TPU,  PC,  PLA-CF,  PETG-CF",,yes,280,,no,no,,0,,,no,TRUE,TRUE,FALSE,TRUE,FALSE,FALSE,FALSE,8,FlashCloud,yes,yes,touchscreen,4.3,,no,,no,10,,quick-release,,,50,55,AC100-240V,50/60Hz,350,,,internal,yes,yes,CE/FCC/RoHS,,449.0,,,449,449,mid-tier,hobbyist/professional,high-speed,enclosed,auto-leveling,4.5,4.5,4.5,4.5,4.5,324,85,,,PEI,PEI,flashforge-adventurer-5m-pro | last_verified_note: https://www.flashforge.com/products/adventurer-5m-pro-3d-printer,,strain gauge
flashforge_adventurer_5m,FlashForge,Adventurer 5M,Adventurer Series,,FDM,FF-ADV5M,,2023-01-01,FALSE,,Klipper,TRUE,https://www.flashforge.com/products/adventurer-5m-3d-printer,https://www.flashforgeshop.com/product/flashforge-adventurer-5m-fdm-3d-printer,https://www.amazon.com/FLASHFORGE-Adventurer-5M-Detachable-220x220x220mm/dp/B0CH4NYL6J,,,220,220,220,rectangular,,363.0,376.0,413,10.8,open-frame,metal,no,,,,600.0,600.0,300.0,20000.0,,yes,X,Y,CoreXY,1,direct drive,direct,1.75,280,250,all-metal,,"0.4, 0.25, 0.6, 0.8",stainless steel,32,no,,220,220,PEI steel sheet,yes,110,,PEI,PEI,yes,TRUE,auto Z-offset,no,no,no,no,no,PLA,"PETG,  TPU,  PLA-CF,  PETG-CF",,no,280,ABS not recommended,no,no,,0,,,no,TRUE,TRUE,FALSE,TRUE,FALSE,FALSE,FALSE,8,FlashCloud,yes,yes,touchscreen,4.3,,no,,no,10,,quick-release,,,50,55,AC100-240V,50/60Hz,350,,,internal,yes,yes,CE/FCC/RoHS,,299.0,,,299,299,entry-level,hobbyist,high-speed,open-frame,auto-leveling,4.5,4.5,4.5,4.5,4.5,100,80,,,PEI,PEI,flashforge-adventurer-5m | last_verified_note: https://www.flashforge.com/products/adventurer-5m-3d-printer,,strain gauge
flashforge_ad5x,FlashForge,AD5X,AD Series,,FDM,FF-AD5X,,2024-01-01,FALSE,,Klipper,TRUE,https://www.flashforge.com/products/flashforge-ad5x-3d-printer,https://www.flashforgeshop.com/product/flashforge-ad5x-fdm-3d-printer,,,220,220,220,rectangular,,363,376.0,413.0,11,open-frame,metal,no,,,,600,600.0,300.0,20000.0,,yes,X,Y,CoreXY,1,direct drive,direct,1.75,300.0,280,all-metal,,0.4,"0.25, 0.6, 0.8",hardened steel,32,yes,,220,220,PEI steel sheet,yes,110,,PEI,PEI,yes,TRUE,auto Z-offset,no,no,no,no,no,PLA,"PETG,  TPU,  ASA,  PLA-CF,  PETG-CF",,yes,300,,yes,yes,IFS,4,,,no,TRUE,TRUE,FALSE,TRUE,FALSE,FALSE,FALSE,8,FlashCloud,yes,yes,touchscreen,4.3,,no,,no,10,,quick-release,,,50,55,AC100-240V,50/60Hz,650,,,internal,yes,yes,CE/FCC/RoHS,,399.0,,,399,,mid-tier,hobbyist/professional,multi-color,high-speed,auto-leveling,,,,,,0,75,,,PEI,PEI,flashforge-ad5x | last_verified_note: https://www.flashforge.com/products/flashforge-ad5x-3d-printer,,strain gauge
flashforge_guider_4_pro,FlashForge,Guider 4 Pro,Guider Series,,FDM,FF-G4PRO,,2025-01-01,FALSE,,proprietary,FALSE,https://www.fabbaloo.com/news/flashforge-to-expand-professional-3d-printer-line-with-actively-heated-guider-4-pro,https://www.flashforgeshop.com/,,,,300,300,300,rectangular,,490.0,495.0,545,,enclosed,metal,yes,TRUE,yes,65,600.0,600.0,300.0,30000.0,,yes,X,Y,CoreXY,1,direct drive,direct,1.75,320,300,all-metal,,"0.4, 0.6, 0.8",hardened steel,55,yes,,300,300,steel sheet,yes,130,,steel sheet,steel sheet,yes,TRUE,Lidar,HEPA 13,yes,no,no,yes,PLA,"PETG,  TPU,  ABS,  ASA,  PPS,  PET-CF,  PA-CF,  PLA-CF,  PAHT-CF,  PPA-CF",,yes,320,,yes,yes,IFS,4,,,no,TRUE,TRUE,FALSE,TRUE,FALSE,FALSE,FALSE,8,FlashCloud,yes,yes,touchscreen,7,,no,,no,10,,quick-release,,,50,55,AC100-240V,50/60Hz,1050,,,internal,yes,yes,CE/FCC/RoHS,,,,,mid-tier,professional,high-speed,heated-chamber,industrial,,,,,,0.0,70,,,steel sheet,steel sheet,flashforge-guider-4-pro,https://www.fabbaloo.com/news/flashforge-to-expand-professional-3d-printer-line-with-actively-heated-guider-4-pro,2 | last_verified_note: specs are preliminary,,Lidar
flashforge_guider_4,FlashForge,Guider 4,Guider Series,,FDM,FF-G4,,2025-01-01,FALSE,,proprietary,FALSE,https://wiki.flashforge.com/en/guider_series/guider_4/guider_4,https://www.flashforgeshop.com/,,,,300,300,300,rectangular,,490.0,495.0,545,,enclosed,metal,yes,TRUE,no,,600.0,600.0,300.0,30000.0,,yes,X,Y,CoreXY,2,dual direct drive,direct,1.75,320,300,all-metal,,"0.4, 0.6, 0.8",hardened steel,55,yes,,300,300,steel sheet,yes,130,,steel sheet,steel sheet,yes,TRUE,Lidar,HEPA 13,yes,no,no,yes,PLA,"PETG,  TPU,  ABS,  ASA,  PPS,  PET-CF,  PA-CF,  PLA-CF,  PAHT-CF,  PPA-CF",,yes,320,,yes,yes,IFS,4,,,no,TRUE,TRUE,FALSE,TRUE,FALSE,FALSE,FALSE,8,FlashCloud,yes,yes,touchscreen,7,,no,,no,10,,quick-release,,,50,55,AC100-240V,50/60Hz,1050,,,internal,yes,yes,CE/FCC/RoHS,,1100.0,,,mid-tier,professional,high-speed,dual-extruder,industrial,,,,,,0.0,70,,,steel sheet,steel sheet,flashforge-guider-4,https://wiki.flashforge.com/en/guider_series/guider_4/guider_4,2 | last_verified_note: specs are preliminary,,Lidar
flashforge_guider_3_ultra,FlashForge,Guider 3 Ultra,Guider Series,,FDM,FF-G3ULTRA,,2023-01-01,FALSE,,proprietary,FALSE,https://www.flashforge.com/products/flashforge-guider-3-ultra-3d-printer,https://www.flashforgeshop.com/product/flashforge-guider-3-ultra-fdm-3d-printer,,,,330,330,600,rectangular,,635.0,595.0,1050,90,enclosed,metal,yes,TRUE,no,,500.0,500.0,250.0,20000.0,,yes,X,Y,CoreXY,2,dual direct drive,direct,1.75,350,320,all-metal,,"0.4, 0.6, 0.8",hardened steel,32,yes,,330,330,steel sheet,yes,120,,steel sheet,steel sheet,yes,TRUE,auto Z-offset,HEPA 13,yes,no,no,yes,PLA,"ABS,  HIPS,  ASA,  PETG,  CoPA,  PA-CF,  PET-CF,  PLA-CF",,yes,350,,no,no,,0,,,no,TRUE,TRUE,FALSE,TRUE,FALSE,FALSE,FALSE,8,FlashCloud,yes,yes,touchscreen,7,,no,,no,10,,quick-release,,,50,55,AC100-240V,50/60Hz,700,,,internal,yes,yes,CE/FCC/RoHS,,2999.0,,,2999,,high-end,professional,large-volume,dual-extruder,high-temp,,,,,,0,80,,,steel sheet,steel sheet,flashforge-guider-3-ultra | last_verified_note: https://www.flashforge.com/products/flashforge-guider-3-ultra-3d-printer,,strain gauge
flashforge_guider_3_plus,FlashForge,Guider 3 Plus,Guider Series,,FDM,FF-G3PLUS,,2022-01-01,FALSE,,proprietary,FALSE,https://www.flashforge.com/products/guider-3-plus-fdm-3d-printer,https://www.flashforgeshop.com/product/flashforge-guider-3-plus-fdm-3d-printer,,,,350,350,600,rectangular,,635.0,595.0,1050,90,enclosed,metal,yes,TRUE,no,,250.0,250.0,150.0,20000.0,,yes,X,Y,CoreXY,1,direct drive,direct,1.75,320,300,all-metal,,"0.4, 0.6, 0.8",hardened steel,32,yes,,350,350,glass bed,yes,120,,glass,glass,yes,TRUE,auto Z-offset,HEPA 13,yes,no,no,yes,PLA,"ABS,  HIPS,  ASA,  PETG,  PC,  PA,  PA-CF",,yes,320,,no,no,,0,,,no,TRUE,TRUE,FALSE,TRUE,FALSE,FALSE,FALSE,8,FlashCloud,yes,yes,touchscreen,7,,no,,no,10,,quick-release,,,50,55,AC100-240V,50/60Hz,700,,,internal,yes,yes,CE/FCC/RoHS,,2499.0,,,2499,,high-end,professional,large-volume,high-temp,,,,,,0,75,,,glass,glass,flashforge-guider-3-plus,https://www.flashforge.com/products/guider-3-plus-fdm-3d-printer | last_verified_note: 1,,strain gauge
flsun_s1,FLSUN,S1,S Series,,FDM,FLSUN-S1,,,,,,,https://www.flsun3d.com/product/1.html,https://www.flsun3d.com/store.html,,,,,320,320,430,cylindrical,,,,,,delta,aluminum extrusion,TRUE,,,,,1200.0,,40000,,,,Delta kinematics with 3 vertical towers,,,direct drive,,350,,,,,,,,,,,,,yes,,,,,TRUE,,,,,,,,,,,,,,,,,,,,TRUE,,,,,,,,,yes,yes,,,,,,,,,,,,,,,,,,,,,,,,,,,,,,,,,,,,,,,,,,,,,,,
flsun_t1_pro,FLSUN,T1 Pro,T Series,,FDM,FLSUN-T1-PRO,,,,,,,https://www.flsun3d.com/product/flsun-t1-pro.html,https://www.flsun3d.com/store.html,,,,,260,260,330,cylindrical,,,,,,delta,aluminum extrusion,TRUE,,,,,1000.0,,30000,,,,Delta kinematics with 3 vertical towers,,,direct drive,,300,,,,,,,,,,,,,yes,,,,,TRUE,,,,,,,,,,,,,,,,,,,,TRUE,,,,,,,,,yes,yes,,,,,,,,,,,,,,,,,,,,,,,,,,,,,,,,,,,,,,,,,,,,,,,
flsun_t1,FLSUN,T1,T Series,,FDM,FLSUN-T1,,,,,,,https://www.flsun3d.com/product/flsun-t1.html,https://www.flsun3d.com/store.html,,,,,260,260,330,cylindrical,,,,,,delta,aluminum extrusion,TRUE,,,,,1000.0,,30000,,,,Delta kinematics with 3 vertical towers,,,direct drive,,300,,,,,,,,,,,,,yes,,,,,TRUE,,,,,,,,,,,,,,,,,,,,TRUE,,,,,,,,,yes,yes,,,,,,,,,,,,,,,,,,,,,,,,,,,,,,,,,,,,,,,,,,,,,,,
flsun_v400,FLSUN,V400,,,FDM,FLSUN-V400,,,,,,,https://www.flsun3d.com/product/flsun-v400.html,https://www.flsun3d.com/store.html,,,,,300,300,410,cylindrical,,,,,,delta,aluminum extrusion,FALSE,,,,,400.0,,,,,,Delta kinematics with 3 vertical towers,,,direct drive,,300,,,,,,,,,,,,,yes,,,,,TRUE,,,,,,,,,,,,,,,,,,,,FALSE,,,,,,,,,,,,,,,,,,,,,,,,,,,,,,,,,,,,,,,,,,,,,,,,,,,,,,,,,
flsun_sr,FLSUN,Super Racer,,,FDM,FLSUN-SR,,,,,,,https://www.flsun3d.com/product/flsun-super-racer-sr.html,https://www.flsun3d.com/store.html,,,,,260,260,330,cylindrical,,,,,,delta,aluminum extrusion,FALSE,,,,,200.0,,,,,,Delta kinematics with 3 vertical towers,,,direct drive,,260,,,,,,,,,,,,,yes,,,,,TRUE,,,,,,,,,,,,,,,,,,,,FALSE,,,,,,,,,,,,,,,,,,,,,,,,,,,,,,,,,,,,,,,,,,,,,,,,,,,,,,,,,
flsun_q5,FLSUN,Q5,,,FDM,FLSUN-Q5,,,,,,,https://www.flsun3d.com/product/flsun-q5.html,https://www.flsun3d.com/store.html,,,,,200,200,200,cylindrical,,,,,,delta,aluminum extrusion,FALSE,,,,,150.0,,,,,,Delta kinematics with 3 vertical towers,,,direct drive,,260,,,,,,,,,,,,,yes,,,,,TRUE,,,,,,,,,,,,,,,,,,,,FALSE,,,,,,,,,,,,,,,,,,,,,,,,,,,,,,,,,,,,,,,,,,,,,,,,,,,,,,,,,
elegoo_centauri_carbon,Elegoo,Centauri Carbon,Centauri Series,,FDM,CENTAURI CARBON,,,,,,,https://www.elegoo.com/pages/elegoo-centauri-carbon,https://us.elegoo.com/products/centauri-carbon,,,,,256,256,256,,,398.0,404,490,17.5,CoreXY,high-quality aluminum construction with an integrated die-cast frame and chassis,TRUE,,,,500.0,,,20000,,,,,,Dual-Gear Direct Drive,,1.75,320,,,,0.4,,Brass-Hardened Steel,,,,,,,yes,110,,,,,,,,,,,,"Carbon/Glass Fiber, PLA, PETG, ABS, ASA, TPU",,,,,,,,,,,,TRUE,FALSE,FALSE,TRUE,FALSE,FALSE,FALSE,,,,,Touch Screen,4.3,,,,,,,,,,,,,,,,,,,,,,,,,,,,,,,,,,,,,,,,,,,"https://us.elegoo.com/products/centauri-carbon, https://www.elegoo.com/pages/elegoo-centauri-carbon",,
elegoo_neptune_4_max,Elegoo,Neptune 4 Max,Neptune 4 Series,Ribbon-Cable Version,FDM,Ribbon-Cable Version,,,,,Klipper,,"https://us.elegoo.com/products/neptune-4-max-fdm-3d-printer,https://us.elegoo.com/products/neptune-4-max-fdm-3d-printer",https://us.elegoo.com/products/neptune-4-max-fdm-3d-printer,,,,420,420,480,,,,,,18.1,bedslinger,CNC machined aluminum extrusion,CNC Aluminum Extrusion,FALSE,,,500.0,,,8000.0,,,,,,Dual-Gear Direct Extruder,,1.75,300.0,,,,,,,,,,,,,yes,85,,,,,,,,,,,,"PLA, TPU, PETG, ABS, ASA, Nylon",,,,,,,,,,,,yes,FALSE,FALSE,TRUE,FALSE,FALSE,FALSE,8,,,,Touch Screen,4.3,,,,,,,,,,,,,,,,,,,,,,,,,,,,,,,,,,,,,,,,,,https://us.elegoo.com/products/neptune-4-max-fdm-3d-printer,,,,
elegoo_neptune_4_plus,Elegoo,Neptune 4 Plus,Neptune 4 Series,Ribbon-Cable Version,FDM,Ribbon-Cable Version,,,,,Klipper,,"https://us.elegoo.com/products/neptune-4-plus-fdm-3d-printer,https://us.elegoo.com/products/neptune-4-plus-fdm-3d-printer",https://us.elegoo.com/products/neptune-4-plus-fdm-3d-printer,,,,320,320,385,,,,,,14.4,bedslinger,CNC-machined aluminum extrusion,CNC aluminum extrusion,FALSE,,,500.0,,,12000.0,,,,,,Dual-Gear Direct Extruder,,1.75,300.0,,,,,,,,,,,,,yes,100,,,,,,,,,,,,"PLA, TPU, PETG, ABS, ASA, Nylon",,,,,,,,,,,,yes,TRUE,FALSE,TRUE,FALSE,FALSE,FALSE,,,,,Touch Screen,4.3,,,"English, French, German, Russian, Italian, Spanish, Japanese, Chinese",,,,,,,,,,,,,,,,,,,,,,,,,,,,,,,,,,,,,,,https://us.elegoo.com/products/neptune-4-plus-fdm-3d-printer,,,,
elegoo_neptune_4_pro,Elegoo,Neptune 4 Pro,Neptune 4 Series,,FDM,Neptune 4 Pro,,,,,Klipper,,"https://us.elegoo.com/products/elegoo-neptune-4-pro-fdm-3d-printer,https://us.elegoo.com/products/elegoo-neptune-4-pro-fdm-3d-printer",https://us.elegoo.com/products/elegoo-neptune-4-pro-fdm-3d-printer,,,,225,225,265,,,,,,8.9,bedslinger,CNC Machined Aluminum,CNC-machined aluminum extrusion,FALSE,,,500.0,,,20000.0,,,,,,Dual-Gear Direct Extruder,,1.75,300.0,,,,,,,,,,,,,yes,110,,,,,,,,,,,,PLA/TPU/PETG/ABS/ASA/Nylon,,,,,,,,,,,,no,TRUE,FALSE,TRUE,FALSE,FALSE,FALSE,,,,,Touch Screen,4.3,,,,,,,,,,,<50,,,,,,,,,,,,,,,,,,,,,,,,,,,,,,,https://us.elegoo.com/products/elegoo-neptune-4-pro-fdm-3d-printer,,,,
elegoo_neptune_4,Elegoo,Neptune 4,Neptune 4 Series,,FDM,Neptune 4,,,,,Klipper,,https://www.elegoo.com/products/elegoo-neptune-4-fdm-3d-printer,https://www.elegoo.com/products/elegoo-neptune-4-fdm-3d-printer,,,,,225,225,265,,,,,,8.3,bedslinger,CNC Aluminum Extrusion,FALSE,,,,500.0,,,,,,,,,Dual-gear Direct Extruder,,1.75,300,,,,,,,,,,,,,yes,110,,,,,,,,,,,,PLA/TPU/PETG/ABS/ASA/Nylon,,,,,,,,,,,,FALSE,TRUE,FALSE,TRUE,FALSE,FALSE,FALSE,,,,,Touch Screen,,,,,,,,,,,,,,115/230V 50/60Hz,,,,,,,,,,,,,,,,,,,,,,,,,,,,,,https://www.elegoo.com/products/elegoo-neptune-4-fdm-3d-printer,,
elegoo_orangestorm_giga,Elegoo,OrangeStorm Giga,,,FDM,OrangeStorm Giga,,,,,,,https://us.elegoo.com/products/orangestorm-giga,https://us.elegoo.com/products/orangestorm-giga,,,,,800,800,1000,,,,,,104,bedslinger,CNC aluminum extrusion frame,FALSE,,,,300.0,,,,,,,,4,,,1.75,300,,,,,,Brass,,,,,,,yes,100,,,,,,,,,,,,"PLA, PETG, TPU",,,,,,,,,,,,TRUE,TRUE,FALSE,TRUE,FALSE,FALSE,FALSE,,,,,Touch Screen,10.1,,,,Partial self-assembly,,,,,,,,,,100-240V AC,1530,,,,,,,,,,,,,,,,,,,,,,,,,,,,https://us.elegoo.com/products/orangestorm-giga,,
sovol_sv08_sv08_series,Sovol,SV08,SV08 Series,,FDM,,,,,,Klipper,TRUE,https://www.sovol3d.com/products/sovol-sv08-3d-printer,,,,350,350,345,Rectangular,,550,537.0,575.0,,CoreXY,Aluminum Extrusion,no,,,,700,700.0,,40000.0,,yes,X;Y;Z,,1,Direct Drive,Dual-gear,1.75,300,,All-metal,,,,,,yes,,350,350,,yes,100,,,PEI,PEI,yes,TRUE,,,,,,PLA;PETG;TPU;ABS;PC;PA,PLA;PETG;TPU,yes,300,,no,,,,,,,yes,yes,FALSE,TRUE,TRUE,FALSE,FALSE,8,Obico,yes,yes,Touchscreen,5,,,,yes,60,,,,,,,,115/230V,150,,,,yes,yes,,,599,,,519.0,,,,,,4.93,,,,,,219.0,,,,,,https://www.sovol3d.com/products/sovol-sv08-3d-printer,,,,Inductive
sovol_sv07_plus_sv07_series,Sovol,SV07 Plus,SV07 Series,,FDM,,,,,,Klipper,TRUE,https://www.sovol3d.com/products/sovol-sv07-plus-large-klipper-3d-printer,,,,300,300,350,Rectangular,,,,,Bed Slinger,Aluminum Extrusion,no,,,,500,250,,,,,,1,Direct Drive,Planetary Dual Gear,1.75,300,,All-metal,,,,,,yes,,300,300,,yes,100,600,PEI,PEI,yes,Inductive,,,,,,PLA;PETG;Carbon Fiber;TPU;ABS,PLA;PETG;TPU,yes,300,,no,,,,,,,yes,no,no,yes,yes,FALSE,FALSE,,Klipper,TRUE,TRUE,Touchscreen,5,,,,yes,,,,,,,,,,115/230V,600,,,MeanWell,yes,yes,,,,,,,,,4.86,,,,,,22,,,,,,https://www.sovol3d.com/products/sovol-sv07-plus-large-klipper-3d-printer,,,,,,,,,
sovol_sv07_sv07_series,Sovol,SV07,SV07 Series,,FDM,,,,,,Klipper,TRUE,https://www.sovol3d.com/products/sovol-sv07-klipper-direct-drive-3d-printer-print-speed-250mm-s,,,,220,220,250,Rectangular,,,,,Bed Slinger,Aluminum Extrusion,no,,,,500,250,200.0,,,,,1,Direct Drive,Planetary Dual Gear,1.75,300,,All-metal,,,,,,yes,,220,220,,yes,80,350,PEI,PEI,yes,Inductive,LED Lighting,,,,,PLA;PETG;Carbon Fiber;TPU,PLA;PETG;TPU,yes,300,,no,,,,,,,yes,no,no,yes,yes,FALSE,FALSE,,Klipper,TRUE,TRUE,Touchscreen,5,,,,yes,,,,,,,,,,115/230V,350,,,MeanWell,yes,yes,,,,299,,,179.0,,,,,,4.78,,,,,,23.0,,,,,,https://www.sovol3d.com/products/sovol-sv07-klipper-direct-drive-3d-printer-print-speed-250mm-s,,,,,
sovol_sv06_plus_sv06_series,Sovol,SV06 Plus,SV06 Series,,FDM,,,,,,Klipper,TRUE,https://www.sovol3d.com/products/sovol-sv06-plus-fully-open-source-3d-printer-with-linear-rail-structure,,,,300,300,340,Rectangular,,,,,Bed Slinger,Aluminum Extrusion,no,,,,250,150,,,,,,1,Direct Drive,Planetary,1.75,300,,All-metal,,,,,,yes,,300,300,,yes,100,,PEI,PEI,yes,Inductive,,,,,,,,,yes,300,,no,,,,,,,no,no,no,yes,FALSE,TRUE,FALSE,,,FALSE,FALSE,Touchscreen,4.3,,,,yes,,,,,,,,,,115/230V,,,,,yes,yes,,,,299,,,199.0,,,,,,4.86,,,,,,36.0,,,,,,https://www.sovol3d.com/products/sovol-sv06-plus-fully-open-source-3d-printer-with-linear-rail-structure,,,,
sovol_sv06_sv06_series,Sovol,SV06,SV06 Series,,FDM,,,,,,Klipper,TRUE,https://www.sovol3d.com/products/sovol-sv06-best-budget-3d-printer-for-beginner,,,,220,220,250,Rectangular,,,,,Bed Slinger,Aluminum Extrusion,no,,,,150,80,,,,,,1,Direct Drive,Planetary Dual Gear,1.75,300,,All-metal,,,,,,yes,,235,235,,yes,100,,PEI,PEI,yes,Inductive,,,,,,,,,,yes,300,,no,,,,,,,no,no,no,TRUE,FALSE,TRUE,FALSE,,,FALSE,no,LCD,,,,yes,,,,,,,,,,115/230V,,,,,yes,yes,,,,219,,,159.0,,,,,,4.8,,,,,,30.0,,,,,,https://www.sovol3d.com/products/sovol-sv06-best-budget-3d-printer-for-beginner,,,,
qidi_plus_4,QIDI Tech,Plus 4,,,FDM,,,,,,,TRUE,Yes,https://qidi3d.com/pages/qidi-plus-4-techspecs,https://us.qidi3d.com/products/plus4-3d-printer,,,,305,305,280,,505.0,487.0,550,27,Enclosed,Steel,yes,TRUE,Yes,65,,600.0,,20000.0,,Yes,,,1,Direct Drive,,1.75,370.0,,Bimetal,,0.4,"0.2, 0.6, 0.8",Bimetal,,,Dual Independent Lead Screw Motors,305,305,Dual-Sided Textured PEI Plate,Yes,120,450W + 400W (Chamber Heating),,,Yes,TRUE,,Activated carbon air filter,Yes,,,,"PLA, ABS, ASA, PETG, TPU, PA, PC, Carbon/Glass Fiber Reinforced Polymers",Yes,370,,Yes,Yes,QIDI Box,,,,,,Yes,TRUE,,TRUE,,,8,QIDI Mobile App,Yes,Yes,Touch Screen,5,800x480,No,,No,,,,,,,,"100-240 VAC, 50/60Hz",450W + 400W (Chamber Heating),,,,Yes,Yes,,,799,,,699.0,,,,,,,,,,,,,,,,https://us.qidi3d.com/products/plus4-3d-printer,1,,,,,,Hands-free Automatic Leveling
qidi_max_3,QIDI Tech,X-Max 3,,,FDM,,,,,,,TRUE,Yes,https://qidi3d.com/pages/x-max3,https://qidi3d.com/products/qidi-x-max-3,,,,325,325,315,,553.0,553.0,601,30.2,Enclosed,All-metal,yes,TRUE,Yes,65,,600.0,,20000.0,,Yes,,,1,Direct Drive,,1.75,350.0,,"Copper alloy, Hardened steel",,0.4,"0.2, 0.6, 0.8","Copper alloy, Hardened steel",35,Yes,,325,325,Flexible HF Plate,Yes,120,,,Yes,Klipper Adaptive Meshing and Purging,,Activated carbon air filter,Yes,,,,"PAHT-CF, PET-CF, PA12-CF, PLA, ABS, ASA, PETG, TPU, PC, UltraPA, Nylon, Carbon Fiber",Yes,350,,Yes,Yes,,,,,,,Yes,Yes,,TRUE,,,8,,TRUE,Yes,Touch Screen,5,800x480,No,,No,,,,,,,,"100-240V AC, 50/60Hz",900,,,,Yes,Yes,,,1099,,,899,,,,,,,,,,,,,,,,https://qidi3d.com/products/qidi-x-max-3,1,,,,,,,
qidi_x_smart_3,QIDI Tech,X-Smart 3,,,FDM,,,,,,,TRUE,Yes,https://eu.qidi3d.com/pages/qidi-x-smart-3,https://top3dshop.com/product/qidi-tech-x-smart-3-3d-printer,,,,180,180,170,,370.0,362.0,397,10.5,Enclosed,,yes,TRUE,No,,,,500.0,,20000,,Yes,,,1,Direct Drive,,1.75,280,,,,0.4,"0.2, 0.6, 0.8",Brass,30,No,,180,180,Double-sided flexible magnetic HF plate,Yes,120,,,,TRUE,16-point automatic bed leveling,,,,,,,"PLA, ABS, ASA, PETG, TPU",No,280,,No,No,,,,,,,TRUE,,,TRUE,,,,,,Yes,Yes,Touch Screen,4.3,,No,,No,,,,,,,,"100-240V, 50/60Hz",350,,,,Yes,Yes,,,599,,,419.0,,,,,,,,,,,,,,,,https://top3dshop.com/product/qidi-tech-x-smart-3-3d-printer,1,,,,
voron_2_4_r2,Voron Design,Voron 2.4 R2,Voron 2.4 Series,,FDM,V2.4r2,,,,,yes,,https://vorondesign.com/,,,,,,350,350,350,,,,,,CoreXY,Aluminum Extrusion,yes,,,,,,,,,,,,,,,,,,,,,,,,,,,,,,,,,,,,,,,,,,,,,,,,,,,,,,,,,,,,,,,,,,,,yes,1800,,,,,,,,,,,,,,,,,,,,,,,,,,,,,,,,,,,,,,,,,,,
voron_trident,Voron Design,Voron Trident,Voron Trident Series,,FDM,Trident,,,,,yes,,https://vorondesign.com/,,,,,,300,300,250,,,,,,CoreXY,Aluminum Extrusion,yes,,,,,,,,,,,,,,,,,,,,,,,,,,,,,,,,,,,,,,,,,,,,,,,,,,,,,,,,,,,,,,,,,,,,yes,1800,,,,,,,,,,,,,,,,,,,,,,,,,,,,,,,,,,,,,,,,,,,
voron_0_3,Voron Design,Voron 0.3,Voron 0 Series,,FDM,V0.3,,,,,yes,,https://vorondesign.com/,,,,,,120,120,120,,,,,,CoreXY,Aluminum Extrusion,yes,,,,,,,,,,,,,,,,,,,,,,,,,,,,,,,,,,,,,,,,,,,,,,,,,,,,,,,,,,,,,,,,,,,,yes,1200,,,,,,,,,,,,,,,,,,,,,,,,,,,,,,,,,,,,,,,,,,,
voron_0_2,Voron Design,Voron 0.2,Voron 0 Series,,FDM,V0.2,,,,,yes,,https://vorondesign.com/,,,,,,120,120,120,,,,,,CoreXY,Aluminum Extrusion,yes,,,,,,,,,,,,,,,,,,,,,,,,,,,,,,,,,,,,,,,,,,,,,,,,,,,,,,,,,,,,,,,,,,,,yes,1200,,,,,,,,,,,,,,,,,,,,,,,,,,,,,,,,,,,,,,,,,,,
ratrig_v_core_4,RatRig,V-Core 4,V-Core Series,,FDM,RR-VCORE4-300,,,,,Klipper,TRUE,https://us.ratrig.com/rat-rig-v-core-4.html,https://us.ratrig.com/rat-rig-v-core-4.html,,,,,300,300,300,,,,,,,CoreXY,aluminum extrusion,FALSE,,,,,,,,,,,,,,,,,,,,,,,,,,,,,,,,,,,,,,,,,,,,,,,,,,,,,yes,,,,,,,,,,,,,,,,,,,,,,,,,,,,,,,,,,,,,,,,,,,,,,,,,,,,,,,,,,
ratrig_v_minion,RatRig,V-Minion,V-Minion Series,,FDM,RR-VMINION-KIT,,,,,Klipper,TRUE,,,,,,,180,180,180,,,,,,,CoreXY,aluminum extrusion,FALSE,,,,,,,,,,,,,,,,,,,,,,,,,,,,,,,,,,,,,,,,,,,,,,,,,,,,,yes,,,,,,,,,,,,,,,,,,,,,,,,,,,,,,,,,,,,,,,,,,,,,,,,,,,,,,,,,,
ultimaker_s8_secure,UltiMaker,S8 Secure,S Series,,FDM,9161,,,,,,,https://ultimaker.com/3d-printers/s-series/ultimaker-secure/,https://www.dynamism.com/ultimaker/ultimaker-s8-secure.html,,,,,330,240,300,,,,,,,,Steel and Aluminum,TRUE,,,,,,,,,,,,2,,,,340,,,,,,,,,,,,,yes,120,,,,,,,,,,,,,,,,,,,,,,,,FALSE,FALSE,,,,,,,,,,,,,,,,,,,,,,,,,,,,,,,,,,,,,,,,,,,,,,,,,,,,,,,,
ultimaker_s8,UltiMaker,S8,S Series,,FDM,1400-0000-00,,,,,,,https://ultimaker.com/3d-printers/s8/,https://store.ultimaker.com/ultimaker-s8-3d-printer,,,,,330,240,300,,,,,,,,Steel and Aluminum,TRUE,,,,,,,,,,,,2,,,,340,,,,,,,,,,,,,yes,120,,,,,,,,,,,,,,,,,,,,,,,,TRUE,TRUE,,,,,,,,,,,,,,,,,,,,,,,,,,,,,,,,,,,,,,,,,,,,,,,,,,,,,,,,
ultimaker_s7,UltiMaker,S7,S Series,,FDM,UM-S7,,,,,,,https://ultimaker.com/3d-printers/s7/,https://store.ultimaker.com/ultimaker-s7-3d-printer,,,,,330,240,300,,,,,,,,Steel and Aluminum,TRUE,,,,,,,,,,,,2,,,,280,,,,,,,,,,,,,yes,140,,,,,,,,,,,,,,,,,,,,,,,,TRUE,TRUE,,,,,,,,,,,,,,,,,,,,,,,,,,,,,,,,,,,,,,,,,,,,,,,,,,,,,,,,
ultimaker_factor_4,UltiMaker,Factor 4,Factor Series,,FDM,217 Factor 4,,,,,,,https://ultimaker.com/3d-printers/factor-4/,https://shop3duniverse.com/products/ultimaker-factor-4,,,,,330,240,300,,,,,,,,Steel and Aluminum,TRUE,,,,,,,,,,,,2,,,,340,,,,,,,,,,,,,yes,120,,,,,,,,,,,,,,,,,,,,,,,,TRUE,TRUE,,,,,,,,,,,,,,,,,,,,,,,,,,,,,,,,,,,,,,,,,,,,,,,,,,,,,,,,
ultimaker_method_xl,UltiMaker,Method XL,Method Series,,FDM,900-0009A,,,,,,,https://ultimaker.com/3d-printers/method-xl/,https://store.ultimaker.com/method-xl-3d-printer,,,,,305,305,320,,,,,,,,Steel and Aluminum,TRUE,,,,,,,,,,,,2,,,,300,,,,,,,,,,,,,yes,105,,,,,,,,,,,,,,,,,,,,,,,,TRUE,TRUE,,,,,,,,,,,,,,,,,,,,,,,,,,,,,,,,,,,,,,,,,,,,,,,,,,,,,,,,
snapmaker_artisan,Snapmaker,Artisan,Artisan Series,,FDM,,,,,,,,https://www.snapmaker.com/en-US/snapmaker-artisan,https://shop.snapmaker.com/products/snapmaker-artisan-3-in-1-3d-printer,,,,,400,400,400,,,580.0,620,634,,,Aluminum alloy,TRUE,,,,,180.0,,,,,,,2,Dual Direct Drive,,1.75,300,,,,0.4,"0.2, 0.6, 0.8",,,,,,,,yes,110,,Dual Textured PEI Sheet,,TRUE,,,,,,,,"PLA, ABS, ASA, PETG, TPU, Breakaway PLA, PVA, HIPS, Nylon, Carbon Fiber Reinforced Nylon, Glass Fiber Reinforced Nylon",,,,,,,,,,,,TRUE,,,TRUE,,,,,,,,touchscreen,7,,,,,,,,,,,,,,,,,,,yes,,,,,,,,,,,,,,,,,,,,,,https://www.snapmaker.com/en-US/snapmaker-artisan/specs,,,,
snapmaker_j1s,Snapmaker,J1s,J1 Series,,FDM,SNM-81014,,,,,,,https://www.snapmaker.com/en-US/j1s-idex-3d-printer,https://us.snapmaker.com/products/snapmaker-j1-independent-dual-extruder-3d-printer,,,,,300,200,200,,,539.0,401,464,27.8,,Aluminum alloy,TRUE,,,,,350.0,,10000,,,,,2,Independent Dual Extruders (IDEX),,1.75,300,,,,0.4,"0.2, 0.6, 0.8",,,,,,,,yes,100,,PEI glass plate,,TRUE,,,,,,,,"PLA, ABS, HIPS, PC, TPU, TPE, PETG, ASA, PP, PVA, PA, PA-GF, PA-CF",,,,,,,,,,,,TRUE,,,TRUE,,,,,,,,touchscreen,5,,,,,,,,,,,,,,,,,,,yes,,,,,,,,,,,,,,,,,,,,,,https://www.snapmaker.com/en/j1s-idex-3d-printer/specs,,,,
snapmaker_2_0_a350t,Snapmaker,2.0 A350T,2.0 Series,,FDM,,,,,,,,https://us.snapmaker.com/products/snapmaker-2-0-modular-3-in-1-3d-printer-a350t-a250t,https://shop.snapmaker.com/products/snapmaker-2-0-modular-3-in-1-3d-printer-a350t-a250t,,,,,320,350,330,,,495.0,506,580,,,Aluminum alloy,FALSE,,,,,,,,,,,,1,Direct drive,,1.75,275,,,,0.4,,,,,,,,,yes,80,,,,TRUE,,,,,,,,"PLA, ABS, PETG, TPU, Wood-filled PLA",,,,,,,,,,,,TRUE,,,TRUE,,,,,,,,touchscreen,5,,,,,,,,,,,,,,,,,,,yes,,,,,,,,,,,,,,,,,,,,,,https://shop.snapmaker.com/products/snapmaker-2-0-modular-3-in-1-3d-printer-a350t-a250t,,,,
snapmaker_2_0_a250t,Snapmaker,2.0 A250T,2.0 Series,,FDM,B09G33GRYX,,,,,,,https://us.snapmaker.com/products/snapmaker-2-0-modular-3-in-1-3d-printer-a250t,https://us.snapmaker.com/products/snapmaker-2-0-modular-3-in-1-3d-printer-a250t,,,,,230,250,235,,,405.0,424,490,,,Aluminum alloy,FALSE,,,,,,,,,,,,1,Direct drive,,1.75,275,,,,0.4,,,,,,,,,yes,100,,,,TRUE,,,,,,,,"PLA, ABS, PETG, TPU, Wood-filled PLA",,,,,,,,,,,,TRUE,,,TRUE,,,,,,,,touchscreen,5,,,,,,,,,,,,,,,,,,,yes,,,,,,,,,,,,,,,,,,,,,,https://us.snapmaker.com/products/snapmaker-2-0-modular-3-in-1-3d-printer-a250t,,,,
ankermake_m5,AnkerMake,M5,M5 Series,,FDM,M5,,,,,,,https://www.ankermake.com/products/m5,https://www.ankermake.com/products/m5,,,,,235,235,250,,,502.0,438,470,12.6,,Aluminum alloy,FALSE,,,,,500.0,,5000,,,,,,Direct Drive,,,260,,,,,,,,,,,,,,100,,,,TRUE,,,,,,,,,,,,,,,,,,,,TRUE,,,,,,,,,yes,,Touchscreen,4.3,,,,,,,,,,,,,,,,,,,,,,699.0,,,,,,,,,,,,,,,,,,,,,,,
ankermake_m5c,AnkerMake,M5C,M5 Series,,FDM,M5C,,,,,,,https://www.ankermake.com/m5c,https://www.ankermake.com/m5c,,,,,220,220,250,,,,,,9.6,,"Die-cast aluminum alloy base, aerospace-grade aluminum Z-axis",FALSE,,,,,500.0,,5000,,,,,,Direct Drive,,,300,,,,,,,,,,,,,,100,,,,TRUE,,,,,,,,,,,,,,,,,,,,TRUE,,TRUE,,,,,,,no,,,,,,,,,,,,,,,,,,,,,,,,,399.0,,,,,,,,,,,,,,,,,,,,,,,
raise3d_pro3_plus,Raise3D,Pro3 Series,,,FDM,,,,,,RaiseTouch,FALSE,https://shop.raise3d.com/products/pro3-plus-3d-printer,,,,300,300,605,rectangular,,620,626.0,1105.0,61.15,enclosed,full metal frame,yes,passive,TRUE,60,150,150.0,100.0,20000.0,,yes,XY,IDEX,2,dual-gear direct drive,direct,1.75,300,,V3P,Raise3D,0.4,"0.2, 0.4, 0.6, 0.8, 1.0",hardened steel,24,yes,Interchangeable hotend,300,300,flexible steel plate,yes,120,600,"BuildTak, borosilicate glass",,yes,mesh-leveling,TRUE,"HEPA, activated charcoal",yes,yes,no,yes,"PLA, ABS, HIPS, PC, TPU, TPE, PETG, ASA, PP, PVA, Nylon, Glass Fiber Infused, Carbon Fiber Infused, Metal Fill, Wood Fill",,yes,300,,yes,IDEX,,2,,,,"Wi-Fi, LAN, USB",yes,TRUE,FALSE,TRUE,FALSE,FALSE,FALSE,8,"RaiseCloud, ideaMaker",yes,yes,touchscreen,7,1024x600,no,"English, Chinese, Japanese, German, French, Spanish, Italian, Korean, Polish, Portuguese, Russian",no,30,200,tool-free,manual,,,,<55,,100-240V AC,600,,,internal,yes,yes,"CB, CE, FCC, RoHS, RCM",,5599.0,,,5599,,premium,professional,"large format, dual extruder, IDEX",,,,,,,,,"flexible steel plate, glass",BuildTak,Raise3D Pro3 Plus,"https://www.raise3d.com/pro3-series/, https://s1.raise3d.com/2021/10/Raise3D-Pro3-Series-Technical-Specifications-211029.pdf",1,,,EVE Smart Assistant
raise3d_pro3,Raise3D,Pro3 Series,,,FDM,,,,,,RaiseTouch,FALSE,https://shop.raise3d.com/products/pro3-3d-printer,,,,300,300,300,rectangular,,620,626.0,760.0,52.5,enclosed,full metal frame,yes,passive,TRUE,60,150,150.0,100.0,20000.0,,yes,XY,IDEX,2,dual-gear direct drive,direct,1.75,300,,V3P,Raise3D,0.4,"0.2, 0.4, 0.6, 0.8, 1.0",hardened steel,24,yes,Interchangeable hotend,300,300,flexible steel plate,yes,120,600,"BuildTak, borosilicate glass",,yes,mesh-leveling,TRUE,"HEPA, activated charcoal",yes,yes,no,yes,"PLA, ABS, HIPS, PC, TPU, TPE, PETG, ASA, PP, PVA, Nylon, Glass Fiber Infused, Carbon Fiber Infused, Metal Fill, Wood Fill",,yes,300,,yes,IDEX,,2,,,,"Wi-Fi, LAN, USB",yes,TRUE,FALSE,TRUE,FALSE,FALSE,FALSE,8,"RaiseCloud, ideaMaker",yes,yes,touchscreen,7,1024x600,no,"English, Chinese, Japanese, German, French, Spanish, Italian, Korean, Polish, Portuguese, Russian",no,30,200,tool-free,manual,,,,<55,,100-240V AC,600,,,internal,yes,yes,"CB, CE, FCC, RoHS, RCM",,4599.0,,,4599,,premium,professional,"dual extruder, IDEX",,,,,,,,,"flexible steel plate, glass",BuildTak,Raise3D Pro3,"https://www.raise3d.com/pro3-series/, https://s1.raise3d.com/2021/10/Raise3D-Pro3-Series-Technical-Specifications-211029.pdf",1,,,EVE Smart Assistant
raise3d_e2cf,Raise3D,E2 Series,Carbon Fiber,,FDM,,,,,,RaiseTouch,FALSE,https://shop.raise3d.com/products/e2cf,,,,295,240,240,rectangular,,607,596.0,465.0,32.4,enclosed,full metal frame,yes,passive,FALSE,,150,150.0,100.0,20000.0,,no,XY,IDEX,2,dual direct drive,direct,1.75,300,,V3P,Raise3D,0.4,"0.4, 0.6, 0.8",silicon carbide,24,yes,"dual direct drive, high-hardness steel gears",330,240,flexible steel plate,yes,110,350,BuildTak,,yes,mesh-leveling,TRUE,"HEPA, activated charcoal",yes,yes,no,yes,"Raise3D Industrial PA12 CF, PA12 CF Support, PPA CF, PPA GF, PPA Support, PLA, ABS, Nylon, PET, PPS, PET GF, PET Support, PETG, ASA, PC",,yes,300,Optimized for carbon fiber filaments,yes,IDEX,,2,,,,"Wi-Fi, LAN, USB",yes,TRUE,FALSE,TRUE,FALSE,FALSE,FALSE,8,"RaiseCloud, ideaMaker",yes,yes,touchscreen,7,1024x600,no,"English, Chinese, Japanese, German, French, Spanish, Italian, Korean, Polish, Portuguese, Russian",no,30,200,tool-free,manual,,,,<50,,100-240V AC,350,,,internal,yes,yes,"CB, CE, FCC, RoHS, RCM",,3999.0,,,3999,,premium,industrial,"carbon fiber, composite",,,,,,,,,flexible steel plate,BuildTak,Raise3D E2CF,"https://www.raise3d.com/e2cf/, https://s1.raise3d.com/2021/10/Raise3D-E2CF-Technical-Specifications-211029.pdf",1,,,video-assisted offset calibration
raise3d_e2,Raise3D,E2 Series,,,FDM,,,,,,RaiseTouch,FALSE,https://shop.raise3d.com/products/e2,,,,295,240,240,rectangular,,607,596.0,465.0,35.1,enclosed,full metal frame,yes,passive,FALSE,,150,150.0,100.0,20000.0,,no,XY,IDEX,2,dual direct drive,direct,1.75,300,,V3P,Raise3D,0.4,"0.2, 0.4, 0.6, 0.8, 1.0",brass,24,yes,,330,240,flexible steel plate,yes,110,350,BuildTak,,yes,mesh-leveling,TRUE,"HEPA, activated charcoal",yes,yes,no,yes,"PLA, ABS, HIPS, PC, TPU, TPE, Nylon, PETG, ASA, PP, PVA, Glass Fiber Infused, Carbon Fiber Infused, Metal Fill, Wood Fill",,yes,300,,yes,IDEX,,2,,,,"Wi-Fi, LAN, USB",yes,TRUE,FALSE,TRUE,FALSE,FALSE,FALSE,8,"RaiseCloud, ideaMaker",yes,yes,touchscreen,7,1024x600,no,"English, Chinese, Japanese, German, French, Spanish, Italian, Korean, Polish, Portuguese, Russian",no,30,200,tool-free,manual,,,,<50,,100-240V AC,350,,,internal,yes,yes,"CB, CE, FCC, RoHS, RCM",,2899.0,,,2899,,premium,education,"dual extruder, IDEX, education",,,,,,,,,flexible steel plate,BuildTak,Raise3D E2,"https://www.raise3d.com/e2/, https://s1.raise3d.com/2020/02/Raise3D-E2_Technical-Specifications_20.02.pdf",1,,,video-assisted offset calibration
raise3d_rmf500,Raise3D,RMF Series,,,FDM,,,,,,RaiseTouch,FALSE,https://shop.raise3d.com/products/raise3d-rmf500,,,,500,500,500,rectangular,,1340,990.0,2370.0,790,enclosed,all-steel,yes,active,TRUE,100,500,300.0,150.0,15000.0,,yes,"XY linear motor, Z ball screw",IDEX,2,direct drive,direct,1.75,330,,custom,Raise3D,0.4,"0.4, 0.6",silicon carbide,50,yes,,500,500,flexible steel plate,yes,110,,BuildTak,,yes,mesh-leveling,TRUE,,yes,yes,no,yes,"Raise3D Hyper Core Filaments, Raise3D Hyper Speed Filaments, Raise3D Industrial Filaments, 3rd Party Filaments (OFP)",,yes,330,Optimized for large format and high speed printing,yes,IDEX,,4,yes,yes,Auto filament switching,yes,yes,FALSE,TRUE,FALSE,FALSE,FALSE,,"RaiseCloud, ideaMaker",yes,yes,touchscreen,13.3,1920x1080,no,"English, Chinese",no,0,,tool-free,manual,,,,<55,,3-Phase 380V AC,,,,,internal,yes,yes,,,69999.0,,,69999,,industrial,industrial,"large format, high speed, IDEX",,,,,,,,,flexible steel plate,BuildTak,Raise3D RMF500,"https://www.raise3d.com/rmf500-3d-printer/, https://s1.raise3d.com/2023/10/Raise3D_RMF500-Technical-Specifications_V6.1.pdf",1,,,auto nozzle wiping
ldo_positron_v3,LDO Motors,Positron V3,Positron Series,V3.2 Kit,FDM,394,,,FALSE,,Klipper,TRUE,https://docs.ldomotors.com/en/Positron/positron_v32,https://www.fabreeko.com/products/positron-v3-2-3d-printer-kit-by-ldo,,,,"https://kb-3d.com/store/positron/1154-ldo-positron-v32-3d-printer-build-kit-1714355343710.html,https://www.matterhackers.com/store/l/ldo-positron-3d-printer-kit,https://www.filastruder.com/products/ldo-positron-v3-2-3d-printer-build-kit",180,180,170,rectangular,,200.0,200,270,3,Flying Gantry,Aluminum Extrusion,FALSE,,,,400.0,250.0,,8000,,yes,"X, Y, Z","Bed moves in XY, toolhead in Z",1,Direct Drive,,1.75,260,,V6,,0.4,,Brass,,no,,180,180,Glass Bed,yes,85,,Glass,,TRUE,IR Sensor,,,RGB,no,no,,"PLA, PETG",,no,,,no,,,,,,,TRUE,TRUE,FALSE,TRUE,FALSE,FALSE,TRUE,,,yes,yes,LCD Capacitive Touch Screen,3.5,,no,,yes,90,,,,,"Filament runout sensor, integrated PSU, extra cooling",,,24V,200,,,Desktop,yes,no,,TSA-friendly for air travel,,,,,,,"DIY/Maker, Portable","portable, foldable, flying gantry, diy kit, open-source",,,,,,,,,,,"Superslicer, OrcaSlicer","https://docs.ldomotors.com/en/Positron/positron_v32,https://www.fabreeko.com/products/positron-v3-2-3d-printer-kit-by-ldo,https://www.matterhackers.com/store/l/ldo-positron-3d-printer-kit,https://kb-3d.com/store/positron/1154-ldo-positron-v32-3d-printer-build-kit-1714355343710.html",1,"Frame material not explicitly stated in research, assumed aluminum extrusion.",,
markforged_mark_two_gen_2,Markforged,Mark Two (Gen 2),Mark Series,,FDM,M60P60SR,,,,,,,https://markforged.com/3d-printers/mark-two,https://www.matterhackers.com/store/l/markforged-mark-two-3d-printer/sk/M60P60SR,,,,,320,132,154,,,,,,,,Anodized Aluminum,TRUE,,,,,,,,,,,,2,,,1.75,300,,,,,,,,,,,,,,80,,,,,,,,,,,,,,,,,,,,,,,,,,,,,,,,,,,,,,,,,,,,,,,,,,,,,,,,,,15990.0,,,,,,,,,,,,,,,,,,,"https://all3dp.com/1/markforged-mark-two-gen-2-review-specs-price/, https://www.matterhackers.com/store/l/markforged-mark-two-3d-printer/sk/M60P60SR, https://saratech.com/2023/08/a-look-at-the-markforged-mark-two-gen-2-3d-printer/",1,,2025-11-30,
markforged_onyx_one,Markforged,Onyx One,,,FDM,M49Y9ML8,,,,,,,https://markforged.com/3d-printers/onyx-one,https://www.matterhackers.com/store/l/markforged-onyx-one-3d-printer/sk/M49Y9ML8,,,,,320,132,154,,,,,,,,Anodized Aluminum,TRUE,,,,,,,,,,,,1,,,1.75,300,,,,,,,,,,,,,,80,,,,,,,,,,,,,,,,,,,,,,,,,,,,,,,,,,,,,,,,,,,,,,,,,,,,,,,,,,3990.0,,,,,,,,,,,,,,,,,,,"https://www.matterhackers.com/store/l/markforged-onyx-one-3d-printer/sk/M49Y9ML8, https://www.treatstock.com/machines/item/385-onyx-one, https://www.additive-x.com/shop/onyx-one.html",1,,2025-11-30,
